ADDRESS,ASSESSMENT_CLASS_DESCRIPTION,COMM_NAME,LAND_USE_DESIGNATION,MULTIPOLYGON
1116 17 AV SW,Non-Residential,BELTLINE,"C-COR1,DC","MULTIPOLYGON (((-114.087751 51.0382347, -114.0878597 51.0382377, -114.0878822 51.0379211, -114.0877733 51.0379211, -114.087751 51.0382347)))"
332 22 AV SW,Residential,MISSION,"C-COR1,DC","MULTIPOLYGON (((-114.070618 51.0338573, -114.0706896 51.0338593, -114.0707616 51.0338614, -114.0707852 51.0335053, -114.0707135 51.0335033, -114.0706419 51.0335012, -114.070618 51.0338573)))"
1116 17 AV SW,Non-Residential,BELTLINE,"C-COR1,DC","MULTIPOLYGON (((-114.0878597 51.0382377, -114.0879684 51.0382408, -114.0879911 51.037921, -114.0878822 51.0379211, -114.0878597 51.0382377)))"
1116 17 AV SW,Non-Residential,BELTLINE,"C-COR1,DC","MULTIPOLYGON (((-114.0879684 51.0382408, -114.088077 51.0382439, -114.0881 51.037921, -114.0879911 51.037921, -114.0879684 51.0382408)))"
1216 CENTRE ST NE,Non-Residential,CRESCENT HEIGHTS,"C-COR1,DC","MULTIPOLYGON (((-114.0613576 51.0632553, -114.0618317 51.0632578, -114.061832 51.0631619, -114.0618322 51.0630934, -114.0623322 51.0630962, -114.0623329 51.0628872, -114.0623221 51.0628871, -114.061833 51.0628849, -114.0618328 51.0629291, -114.0617459 51.0629286, -114.0613586 51.0629267, -114.0613576 51.0632553)))"
172S 1507 CENTRE A ST NE,Residential,CRESCENT HEIGHTS,"C-COR1,DC","MULTIPOLYGON (((-114.0613719 51.0652774, -114.0613695 51.0659414, -114.0618671 51.0659408, -114.0618674 51.0658724, -114.0623108 51.0658719, -114.062313 51.0653243, -114.0618694 51.0653247, -114.0618699 51.0652768, -114.0613719 51.0652774)))"
145V 1507 CENTRE A ST NE,Residential,CRESCENT HEIGHTS,"C-COR1,DC","MULTIPOLYGON (((-114.0613719 51.0652774, -114.0613695 51.0659414, -114.0618671 51.0659408, -114.0618674 51.0658724, -114.0623108 51.0658719, -114.062313 51.0653243, -114.0618694 51.0653247, -114.0618699 51.0652768, -114.0613719 51.0652774)))"
403 1507 CENTRE A ST NE,Residential,CRESCENT HEIGHTS,"C-COR1,DC","MULTIPOLYGON (((-114.0613719 51.0652774, -114.0613695 51.0659414, -114.0618671 51.0659408, -114.0618674 51.0658724, -114.0623108 51.0658719, -114.062313 51.0653243, -114.0618694 51.0653247, -114.0618699 51.0652768, -114.0613719 51.0652774)))"
228V 1507 CENTRE A ST NE,Residential,CRESCENT HEIGHTS,"C-COR1,DC","MULTIPOLYGON (((-114.0613719 51.0652774, -114.0613695 51.0659414, -114.0618671 51.0659408, -114.0618674 51.0658724, -114.0623108 51.0658719, -114.062313 51.0653243, -114.0618694 51.0653247, -114.0618699 51.0652768, -114.0613719 51.0652774)))"
229V 1507 CENTRE A ST NE,Residential,CRESCENT HEIGHTS,"C-COR1,DC","MULTIPOLYGON (((-114.0613719 51.0652774, -114.0613695 51.0659414, -114.0618671 51.0659408, -114.0618674 51.0658724, -114.0623108 51.0658719, -114.062313 51.0653243, -114.0618694 51.0653247, -114.0618699 51.0652768, -114.0613719 51.0652774)))"
230V 1507 CENTRE A ST NE,Residential,CRESCENT HEIGHTS,"C-COR1,DC","MULTIPOLYGON (((-114.0613719 51.0652774, -114.0613695 51.0659414, -114.0618671 51.0659408, -114.0618674 51.0658724, -114.0623108 51.0658719, -114.062313 51.0653243, -114.0618694 51.0653247, -114.0618699 51.0652768, -114.0613719 51.0652774)))"
231V 1507 CENTRE A ST NE,Residential,CRESCENT HEIGHTS,"C-COR1,DC","MULTIPOLYGON (((-114.0613719 51.0652774, -114.0613695 51.0659414, -114.0618671 51.0659408, -114.0618674 51.0658724, -114.0623108 51.0658719, -114.062313 51.0653243, -114.0618694 51.0653247, -114.0618699 51.0652768, -114.0613719 51.0652774)))"
233V 1507 CENTRE A ST NE,Residential,CRESCENT HEIGHTS,"C-COR1,DC","MULTIPOLYGON (((-114.0613719 51.0652774, -114.0613695 51.0659414, -114.0618671 51.0659408, -114.0618674 51.0658724, -114.0623108 51.0658719, -114.062313 51.0653243, -114.0618694 51.0653247, -114.0618699 51.0652768, -114.0613719 51.0652774)))"
234V 1507 CENTRE A ST NE,Residential,CRESCENT HEIGHTS,"C-COR1,DC","MULTIPOLYGON (((-114.0613719 51.0652774, -114.0613695 51.0659414, -114.0618671 51.0659408, -114.0618674 51.0658724, -114.0623108 51.0658719, -114.062313 51.0653243, -114.0618694 51.0653247, -114.0618699 51.0652768, -114.0613719 51.0652774)))"
235V 1507 CENTRE A ST NE,Residential,CRESCENT HEIGHTS,"C-COR1,DC","MULTIPOLYGON (((-114.0613719 51.0652774, -114.0613695 51.0659414, -114.0618671 51.0659408, -114.0618674 51.0658724, -114.0623108 51.0658719, -114.062313 51.0653243, -114.0618694 51.0653247, -114.0618699 51.0652768, -114.0613719 51.0652774)))"
236V 1507 CENTRE A ST NE,Residential,CRESCENT HEIGHTS,"C-COR1,DC","MULTIPOLYGON (((-114.0613719 51.0652774, -114.0613695 51.0659414, -114.0618671 51.0659408, -114.0618674 51.0658724, -114.0623108 51.0658719, -114.062313 51.0653243, -114.0618694 51.0653247, -114.0618699 51.0652768, -114.0613719 51.0652774)))"
237V 1507 CENTRE A ST NE,Residential,CRESCENT HEIGHTS,"C-COR1,DC","MULTIPOLYGON (((-114.0613719 51.0652774, -114.0613695 51.0659414, -114.0618671 51.0659408, -114.0618674 51.0658724, -114.0623108 51.0658719, -114.062313 51.0653243, -114.0618694 51.0653247, -114.0618699 51.0652768, -114.0613719 51.0652774)))"
238V 1507 CENTRE A ST NE,Residential,CRESCENT HEIGHTS,"C-COR1,DC","MULTIPOLYGON (((-114.0613719 51.0652774, -114.0613695 51.0659414, -114.0618671 51.0659408, -114.0618674 51.0658724, -114.0623108 51.0658719, -114.062313 51.0653243, -114.0618694 51.0653247, -114.0618699 51.0652768, -114.0613719 51.0652774)))"
239V 1507 CENTRE A ST NE,Residential,CRESCENT HEIGHTS,"C-COR1,DC","MULTIPOLYGON (((-114.0613719 51.0652774, -114.0613695 51.0659414, -114.0618671 51.0659408, -114.0618674 51.0658724, -114.0623108 51.0658719, -114.062313 51.0653243, -114.0618694 51.0653247, -114.0618699 51.0652768, -114.0613719 51.0652774)))"
240V 1507 CENTRE A ST NE,Residential,CRESCENT HEIGHTS,"C-COR1,DC","MULTIPOLYGON (((-114.0613719 51.0652774, -114.0613695 51.0659414, -114.0618671 51.0659408, -114.0618674 51.0658724, -114.0623108 51.0658719, -114.062313 51.0653243, -114.0618694 51.0653247, -114.0618699 51.0652768, -114.0613719 51.0652774)))"
241V 1507 CENTRE A ST NE,Residential,CRESCENT HEIGHTS,"C-COR1,DC","MULTIPOLYGON (((-114.0613719 51.0652774, -114.0613695 51.0659414, -114.0618671 51.0659408, -114.0618674 51.0658724, -114.0623108 51.0658719, -114.062313 51.0653243, -114.0618694 51.0653247, -114.0618699 51.0652768, -114.0613719 51.0652774)))"
242V 1507 CENTRE A ST NE,Residential,CRESCENT HEIGHTS,"C-COR1,DC","MULTIPOLYGON (((-114.0613719 51.0652774, -114.0613695 51.0659414, -114.0618671 51.0659408, -114.0618674 51.0658724, -114.0623108 51.0658719, -114.062313 51.0653243, -114.0618694 51.0653247, -114.0618699 51.0652768, -114.0613719 51.0652774)))"
243V 1507 CENTRE A ST NE,Residential,CRESCENT HEIGHTS,"C-COR1,DC","MULTIPOLYGON (((-114.0613719 51.0652774, -114.0613695 51.0659414, -114.0618671 51.0659408, -114.0618674 51.0658724, -114.0623108 51.0658719, -114.062313 51.0653243, -114.0618694 51.0653247, -114.0618699 51.0652768, -114.0613719 51.0652774)))"
244V 1507 CENTRE A ST NE,Residential,CRESCENT HEIGHTS,"C-COR1,DC","MULTIPOLYGON (((-114.0613719 51.0652774, -114.0613695 51.0659414, -114.0618671 51.0659408, -114.0618674 51.0658724, -114.0623108 51.0658719, -114.062313 51.0653243, -114.0618694 51.0653247, -114.0618699 51.0652768, -114.0613719 51.0652774)))"
245V 1507 CENTRE A ST NE,Residential,CRESCENT HEIGHTS,"C-COR1,DC","MULTIPOLYGON (((-114.0613719 51.0652774, -114.0613695 51.0659414, -114.0618671 51.0659408, -114.0618674 51.0658724, -114.0623108 51.0658719, -114.062313 51.0653243, -114.0618694 51.0653247, -114.0618699 51.0652768, -114.0613719 51.0652774)))"
246V 1507 CENTRE A ST NE,Residential,CRESCENT HEIGHTS,"C-COR1,DC","MULTIPOLYGON (((-114.0613719 51.0652774, -114.0613695 51.0659414, -114.0618671 51.0659408, -114.0618674 51.0658724, -114.0623108 51.0658719, -114.062313 51.0653243, -114.0618694 51.0653247, -114.0618699 51.0652768, -114.0613719 51.0652774)))"
247V 1507 CENTRE A ST NE,Residential,CRESCENT HEIGHTS,"C-COR1,DC","MULTIPOLYGON (((-114.0613719 51.0652774, -114.0613695 51.0659414, -114.0618671 51.0659408, -114.0618674 51.0658724, -114.0623108 51.0658719, -114.062313 51.0653243, -114.0618694 51.0653247, -114.0618699 51.0652768, -114.0613719 51.0652774)))"
248V 1507 CENTRE A ST NE,Residential,CRESCENT HEIGHTS,"C-COR1,DC","MULTIPOLYGON (((-114.0613719 51.0652774, -114.0613695 51.0659414, -114.0618671 51.0659408, -114.0618674 51.0658724, -114.0623108 51.0658719, -114.062313 51.0653243, -114.0618694 51.0653247, -114.0618699 51.0652768, -114.0613719 51.0652774)))"
249V 1507 CENTRE A ST NE,Residential,CRESCENT HEIGHTS,"C-COR1,DC","MULTIPOLYGON (((-114.0613719 51.0652774, -114.0613695 51.0659414, -114.0618671 51.0659408, -114.0618674 51.0658724, -114.0623108 51.0658719, -114.062313 51.0653243, -114.0618694 51.0653247, -114.0618699 51.0652768, -114.0613719 51.0652774)))"
250V 1507 CENTRE A ST NE,Residential,CRESCENT HEIGHTS,"C-COR1,DC","MULTIPOLYGON (((-114.0613719 51.0652774, -114.0613695 51.0659414, -114.0618671 51.0659408, -114.0618674 51.0658724, -114.0623108 51.0658719, -114.062313 51.0653243, -114.0618694 51.0653247, -114.0618699 51.0652768, -114.0613719 51.0652774)))"
251V 1507 CENTRE A ST NE,Residential,CRESCENT HEIGHTS,"C-COR1,DC","MULTIPOLYGON (((-114.0613719 51.0652774, -114.0613695 51.0659414, -114.0618671 51.0659408, -114.0618674 51.0658724, -114.0623108 51.0658719, -114.062313 51.0653243, -114.0618694 51.0653247, -114.0618699 51.0652768, -114.0613719 51.0652774)))"
252V 1507 CENTRE A ST NE,Residential,CRESCENT HEIGHTS,"C-COR1,DC","MULTIPOLYGON (((-114.0613719 51.0652774, -114.0613695 51.0659414, -114.0618671 51.0659408, -114.0618674 51.0658724, -114.0623108 51.0658719, -114.062313 51.0653243, -114.0618694 51.0653247, -114.0618699 51.0652768, -114.0613719 51.0652774)))"
253V 1507 CENTRE A ST NE,Residential,CRESCENT HEIGHTS,"C-COR1,DC","MULTIPOLYGON (((-114.0613719 51.0652774, -114.0613695 51.0659414, -114.0618671 51.0659408, -114.0618674 51.0658724, -114.0623108 51.0658719, -114.062313 51.0653243, -114.0618694 51.0653247, -114.0618699 51.0652768, -114.0613719 51.0652774)))"
254V 1507 CENTRE A ST NE,Residential,CRESCENT HEIGHTS,"C-COR1,DC","MULTIPOLYGON (((-114.0613719 51.0652774, -114.0613695 51.0659414, -114.0618671 51.0659408, -114.0618674 51.0658724, -114.0623108 51.0658719, -114.062313 51.0653243, -114.0618694 51.0653247, -114.0618699 51.0652768, -114.0613719 51.0652774)))"
255V 1507 CENTRE A ST NE,Residential,CRESCENT HEIGHTS,"C-COR1,DC","MULTIPOLYGON (((-114.0613719 51.0652774, -114.0613695 51.0659414, -114.0618671 51.0659408, -114.0618674 51.0658724, -114.0623108 51.0658719, -114.062313 51.0653243, -114.0618694 51.0653247, -114.0618699 51.0652768, -114.0613719 51.0652774)))"
256V 1507 CENTRE A ST NE,Residential,CRESCENT HEIGHTS,"C-COR1,DC","MULTIPOLYGON (((-114.0613719 51.0652774, -114.0613695 51.0659414, -114.0618671 51.0659408, -114.0618674 51.0658724, -114.0623108 51.0658719, -114.062313 51.0653243, -114.0618694 51.0653247, -114.0618699 51.0652768, -114.0613719 51.0652774)))"
259V 1507 CENTRE A ST NE,Residential,CRESCENT HEIGHTS,"C-COR1,DC","MULTIPOLYGON (((-114.0613719 51.0652774, -114.0613695 51.0659414, -114.0618671 51.0659408, -114.0618674 51.0658724, -114.0623108 51.0658719, -114.062313 51.0653243, -114.0618694 51.0653247, -114.0618699 51.0652768, -114.0613719 51.0652774)))"
260V 1507 CENTRE A ST NE,Residential,CRESCENT HEIGHTS,"C-COR1,DC","MULTIPOLYGON (((-114.0613719 51.0652774, -114.0613695 51.0659414, -114.0618671 51.0659408, -114.0618674 51.0658724, -114.0623108 51.0658719, -114.062313 51.0653243, -114.0618694 51.0653247, -114.0618699 51.0652768, -114.0613719 51.0652774)))"
261V 1507 CENTRE A ST NE,Residential,CRESCENT HEIGHTS,"C-COR1,DC","MULTIPOLYGON (((-114.0613719 51.0652774, -114.0613695 51.0659414, -114.0618671 51.0659408, -114.0618674 51.0658724, -114.0623108 51.0658719, -114.062313 51.0653243, -114.0618694 51.0653247, -114.0618699 51.0652768, -114.0613719 51.0652774)))"
262V 1507 CENTRE A ST NE,Residential,CRESCENT HEIGHTS,"C-COR1,DC","MULTIPOLYGON (((-114.0613719 51.0652774, -114.0613695 51.0659414, -114.0618671 51.0659408, -114.0618674 51.0658724, -114.0623108 51.0658719, -114.062313 51.0653243, -114.0618694 51.0653247, -114.0618699 51.0652768, -114.0613719 51.0652774)))"
263V 1507 CENTRE A ST NE,Residential,CRESCENT HEIGHTS,"C-COR1,DC","MULTIPOLYGON (((-114.0613719 51.0652774, -114.0613695 51.0659414, -114.0618671 51.0659408, -114.0618674 51.0658724, -114.0623108 51.0658719, -114.062313 51.0653243, -114.0618694 51.0653247, -114.0618699 51.0652768, -114.0613719 51.0652774)))"
218V 1507 CENTRE A ST NE,Residential,CRESCENT HEIGHTS,"C-COR1,DC","MULTIPOLYGON (((-114.0613719 51.0652774, -114.0613695 51.0659414, -114.0618671 51.0659408, -114.0618674 51.0658724, -114.0623108 51.0658719, -114.062313 51.0653243, -114.0618694 51.0653247, -114.0618699 51.0652768, -114.0613719 51.0652774)))"
219V 1507 CENTRE A ST NE,Residential,CRESCENT HEIGHTS,"C-COR1,DC","MULTIPOLYGON (((-114.0613719 51.0652774, -114.0613695 51.0659414, -114.0618671 51.0659408, -114.0618674 51.0658724, -114.0623108 51.0658719, -114.062313 51.0653243, -114.0618694 51.0653247, -114.0618699 51.0652768, -114.0613719 51.0652774)))"
220V 1507 CENTRE A ST NE,Residential,CRESCENT HEIGHTS,"C-COR1,DC","MULTIPOLYGON (((-114.0613719 51.0652774, -114.0613695 51.0659414, -114.0618671 51.0659408, -114.0618674 51.0658724, -114.0623108 51.0658719, -114.062313 51.0653243, -114.0618694 51.0653247, -114.0618699 51.0652768, -114.0613719 51.0652774)))"
221V 1507 CENTRE A ST NE,Residential,CRESCENT HEIGHTS,"C-COR1,DC","MULTIPOLYGON (((-114.0613719 51.0652774, -114.0613695 51.0659414, -114.0618671 51.0659408, -114.0618674 51.0658724, -114.0623108 51.0658719, -114.062313 51.0653243, -114.0618694 51.0653247, -114.0618699 51.0652768, -114.0613719 51.0652774)))"
222V 1507 CENTRE A ST NE,Residential,CRESCENT HEIGHTS,"C-COR1,DC","MULTIPOLYGON (((-114.0613719 51.0652774, -114.0613695 51.0659414, -114.0618671 51.0659408, -114.0618674 51.0658724, -114.0623108 51.0658719, -114.062313 51.0653243, -114.0618694 51.0653247, -114.0618699 51.0652768, -114.0613719 51.0652774)))"
223V 1507 CENTRE A ST NE,Residential,CRESCENT HEIGHTS,"C-COR1,DC","MULTIPOLYGON (((-114.0613719 51.0652774, -114.0613695 51.0659414, -114.0618671 51.0659408, -114.0618674 51.0658724, -114.0623108 51.0658719, -114.062313 51.0653243, -114.0618694 51.0653247, -114.0618699 51.0652768, -114.0613719 51.0652774)))"
224V 1507 CENTRE A ST NE,Residential,CRESCENT HEIGHTS,"C-COR1,DC","MULTIPOLYGON (((-114.0613719 51.0652774, -114.0613695 51.0659414, -114.0618671 51.0659408, -114.0618674 51.0658724, -114.0623108 51.0658719, -114.062313 51.0653243, -114.0618694 51.0653247, -114.0618699 51.0652768, -114.0613719 51.0652774)))"
225V 1507 CENTRE A ST NE,Residential,CRESCENT HEIGHTS,"C-COR1,DC","MULTIPOLYGON (((-114.0613719 51.0652774, -114.0613695 51.0659414, -114.0618671 51.0659408, -114.0618674 51.0658724, -114.0623108 51.0658719, -114.062313 51.0653243, -114.0618694 51.0653247, -114.0618699 51.0652768, -114.0613719 51.0652774)))"
226V 1507 CENTRE A ST NE,Residential,CRESCENT HEIGHTS,"C-COR1,DC","MULTIPOLYGON (((-114.0613719 51.0652774, -114.0613695 51.0659414, -114.0618671 51.0659408, -114.0618674 51.0658724, -114.0623108 51.0658719, -114.062313 51.0653243, -114.0618694 51.0653247, -114.0618699 51.0652768, -114.0613719 51.0652774)))"
227V 1507 CENTRE A ST NE,Residential,CRESCENT HEIGHTS,"C-COR1,DC","MULTIPOLYGON (((-114.0613719 51.0652774, -114.0613695 51.0659414, -114.0618671 51.0659408, -114.0618674 51.0658724, -114.0623108 51.0658719, -114.062313 51.0653243, -114.0618694 51.0653247, -114.0618699 51.0652768, -114.0613719 51.0652774)))"
175S 1507 CENTRE A ST NE,Residential,CRESCENT HEIGHTS,"C-COR1,DC","MULTIPOLYGON (((-114.0613719 51.0652774, -114.0613695 51.0659414, -114.0618671 51.0659408, -114.0618674 51.0658724, -114.0623108 51.0658719, -114.062313 51.0653243, -114.0618694 51.0653247, -114.0618699 51.0652768, -114.0613719 51.0652774)))"
176S 1507 CENTRE A ST NE,Residential,CRESCENT HEIGHTS,"C-COR1,DC","MULTIPOLYGON (((-114.0613719 51.0652774, -114.0613695 51.0659414, -114.0618671 51.0659408, -114.0618674 51.0658724, -114.0623108 51.0658719, -114.062313 51.0653243, -114.0618694 51.0653247, -114.0618699 51.0652768, -114.0613719 51.0652774)))"
177S 1507 CENTRE A ST NE,Residential,CRESCENT HEIGHTS,"C-COR1,DC","MULTIPOLYGON (((-114.0613719 51.0652774, -114.0613695 51.0659414, -114.0618671 51.0659408, -114.0618674 51.0658724, -114.0623108 51.0658719, -114.062313 51.0653243, -114.0618694 51.0653247, -114.0618699 51.0652768, -114.0613719 51.0652774)))"
178S 1507 CENTRE A ST NE,Residential,CRESCENT HEIGHTS,"C-COR1,DC","MULTIPOLYGON (((-114.0613719 51.0652774, -114.0613695 51.0659414, -114.0618671 51.0659408, -114.0618674 51.0658724, -114.0623108 51.0658719, -114.062313 51.0653243, -114.0618694 51.0653247, -114.0618699 51.0652768, -114.0613719 51.0652774)))"
179S 1507 CENTRE A ST NE,Residential,CRESCENT HEIGHTS,"C-COR1,DC","MULTIPOLYGON (((-114.0613719 51.0652774, -114.0613695 51.0659414, -114.0618671 51.0659408, -114.0618674 51.0658724, -114.0623108 51.0658719, -114.062313 51.0653243, -114.0618694 51.0653247, -114.0618699 51.0652768, -114.0613719 51.0652774)))"
180S 1507 CENTRE A ST NE,Residential,CRESCENT HEIGHTS,"C-COR1,DC","MULTIPOLYGON (((-114.0613719 51.0652774, -114.0613695 51.0659414, -114.0618671 51.0659408, -114.0618674 51.0658724, -114.0623108 51.0658719, -114.062313 51.0653243, -114.0618694 51.0653247, -114.0618699 51.0652768, -114.0613719 51.0652774)))"
181S 1507 CENTRE A ST NE,Residential,CRESCENT HEIGHTS,"C-COR1,DC","MULTIPOLYGON (((-114.0613719 51.0652774, -114.0613695 51.0659414, -114.0618671 51.0659408, -114.0618674 51.0658724, -114.0623108 51.0658719, -114.062313 51.0653243, -114.0618694 51.0653247, -114.0618699 51.0652768, -114.0613719 51.0652774)))"
182S 1507 CENTRE A ST NE,Residential,CRESCENT HEIGHTS,"C-COR1,DC","MULTIPOLYGON (((-114.0613719 51.0652774, -114.0613695 51.0659414, -114.0618671 51.0659408, -114.0618674 51.0658724, -114.0623108 51.0658719, -114.062313 51.0653243, -114.0618694 51.0653247, -114.0618699 51.0652768, -114.0613719 51.0652774)))"
183S 1507 CENTRE A ST NE,Residential,CRESCENT HEIGHTS,"C-COR1,DC","MULTIPOLYGON (((-114.0613719 51.0652774, -114.0613695 51.0659414, -114.0618671 51.0659408, -114.0618674 51.0658724, -114.0623108 51.0658719, -114.062313 51.0653243, -114.0618694 51.0653247, -114.0618699 51.0652768, -114.0613719 51.0652774)))"
184S 1507 CENTRE A ST NE,Residential,CRESCENT HEIGHTS,"C-COR1,DC","MULTIPOLYGON (((-114.0613719 51.0652774, -114.0613695 51.0659414, -114.0618671 51.0659408, -114.0618674 51.0658724, -114.0623108 51.0658719, -114.062313 51.0653243, -114.0618694 51.0653247, -114.0618699 51.0652768, -114.0613719 51.0652774)))"
185S 1507 CENTRE A ST NE,Residential,CRESCENT HEIGHTS,"C-COR1,DC","MULTIPOLYGON (((-114.0613719 51.0652774, -114.0613695 51.0659414, -114.0618671 51.0659408, -114.0618674 51.0658724, -114.0623108 51.0658719, -114.062313 51.0653243, -114.0618694 51.0653247, -114.0618699 51.0652768, -114.0613719 51.0652774)))"
186S 1507 CENTRE A ST NE,Residential,CRESCENT HEIGHTS,"C-COR1,DC","MULTIPOLYGON (((-114.0613719 51.0652774, -114.0613695 51.0659414, -114.0618671 51.0659408, -114.0618674 51.0658724, -114.0623108 51.0658719, -114.062313 51.0653243, -114.0618694 51.0653247, -114.0618699 51.0652768, -114.0613719 51.0652774)))"
187S 1507 CENTRE A ST NE,Residential,CRESCENT HEIGHTS,"C-COR1,DC","MULTIPOLYGON (((-114.0613719 51.0652774, -114.0613695 51.0659414, -114.0618671 51.0659408, -114.0618674 51.0658724, -114.0623108 51.0658719, -114.062313 51.0653243, -114.0618694 51.0653247, -114.0618699 51.0652768, -114.0613719 51.0652774)))"
188S 1507 CENTRE A ST NE,Residential,CRESCENT HEIGHTS,"C-COR1,DC","MULTIPOLYGON (((-114.0613719 51.0652774, -114.0613695 51.0659414, -114.0618671 51.0659408, -114.0618674 51.0658724, -114.0623108 51.0658719, -114.062313 51.0653243, -114.0618694 51.0653247, -114.0618699 51.0652768, -114.0613719 51.0652774)))"
189S 1507 CENTRE A ST NE,Residential,CRESCENT HEIGHTS,"C-COR1,DC","MULTIPOLYGON (((-114.0613719 51.0652774, -114.0613695 51.0659414, -114.0618671 51.0659408, -114.0618674 51.0658724, -114.0623108 51.0658719, -114.062313 51.0653243, -114.0618694 51.0653247, -114.0618699 51.0652768, -114.0613719 51.0652774)))"
190S 1507 CENTRE A ST NE,Residential,CRESCENT HEIGHTS,"C-COR1,DC","MULTIPOLYGON (((-114.0613719 51.0652774, -114.0613695 51.0659414, -114.0618671 51.0659408, -114.0618674 51.0658724, -114.0623108 51.0658719, -114.062313 51.0653243, -114.0618694 51.0653247, -114.0618699 51.0652768, -114.0613719 51.0652774)))"
191S 1507 CENTRE A ST NE,Residential,CRESCENT HEIGHTS,"C-COR1,DC","MULTIPOLYGON (((-114.0613719 51.0652774, -114.0613695 51.0659414, -114.0618671 51.0659408, -114.0618674 51.0658724, -114.0623108 51.0658719, -114.062313 51.0653243, -114.0618694 51.0653247, -114.0618699 51.0652768, -114.0613719 51.0652774)))"
192S 1507 CENTRE A ST NE,Residential,CRESCENT HEIGHTS,"C-COR1,DC","MULTIPOLYGON (((-114.0613719 51.0652774, -114.0613695 51.0659414, -114.0618671 51.0659408, -114.0618674 51.0658724, -114.0623108 51.0658719, -114.062313 51.0653243, -114.0618694 51.0653247, -114.0618699 51.0652768, -114.0613719 51.0652774)))"
194S 1507 CENTRE A ST NE,Residential,CRESCENT HEIGHTS,"C-COR1,DC","MULTIPOLYGON (((-114.0613719 51.0652774, -114.0613695 51.0659414, -114.0618671 51.0659408, -114.0618674 51.0658724, -114.0623108 51.0658719, -114.062313 51.0653243, -114.0618694 51.0653247, -114.0618699 51.0652768, -114.0613719 51.0652774)))"
195V 1507 CENTRE A ST NE,Residential,CRESCENT HEIGHTS,"C-COR1,DC","MULTIPOLYGON (((-114.0613719 51.0652774, -114.0613695 51.0659414, -114.0618671 51.0659408, -114.0618674 51.0658724, -114.0623108 51.0658719, -114.062313 51.0653243, -114.0618694 51.0653247, -114.0618699 51.0652768, -114.0613719 51.0652774)))"
196V 1507 CENTRE A ST NE,Residential,CRESCENT HEIGHTS,"C-COR1,DC","MULTIPOLYGON (((-114.0613719 51.0652774, -114.0613695 51.0659414, -114.0618671 51.0659408, -114.0618674 51.0658724, -114.0623108 51.0658719, -114.062313 51.0653243, -114.0618694 51.0653247, -114.0618699 51.0652768, -114.0613719 51.0652774)))"
198V 1507 CENTRE A ST NE,Residential,CRESCENT HEIGHTS,"C-COR1,DC","MULTIPOLYGON (((-114.0613719 51.0652774, -114.0613695 51.0659414, -114.0618671 51.0659408, -114.0618674 51.0658724, -114.0623108 51.0658719, -114.062313 51.0653243, -114.0618694 51.0653247, -114.0618699 51.0652768, -114.0613719 51.0652774)))"
199V 1507 CENTRE A ST NE,Residential,CRESCENT HEIGHTS,"C-COR1,DC","MULTIPOLYGON (((-114.0613719 51.0652774, -114.0613695 51.0659414, -114.0618671 51.0659408, -114.0618674 51.0658724, -114.0623108 51.0658719, -114.062313 51.0653243, -114.0618694 51.0653247, -114.0618699 51.0652768, -114.0613719 51.0652774)))"
200V 1507 CENTRE A ST NE,Residential,CRESCENT HEIGHTS,"C-COR1,DC","MULTIPOLYGON (((-114.0613719 51.0652774, -114.0613695 51.0659414, -114.0618671 51.0659408, -114.0618674 51.0658724, -114.0623108 51.0658719, -114.062313 51.0653243, -114.0618694 51.0653247, -114.0618699 51.0652768, -114.0613719 51.0652774)))"
201V 1507 CENTRE A ST NE,Residential,CRESCENT HEIGHTS,"C-COR1,DC","MULTIPOLYGON (((-114.0613719 51.0652774, -114.0613695 51.0659414, -114.0618671 51.0659408, -114.0618674 51.0658724, -114.0623108 51.0658719, -114.062313 51.0653243, -114.0618694 51.0653247, -114.0618699 51.0652768, -114.0613719 51.0652774)))"
202V 1507 CENTRE A ST NE,Residential,CRESCENT HEIGHTS,"C-COR1,DC","MULTIPOLYGON (((-114.0613719 51.0652774, -114.0613695 51.0659414, -114.0618671 51.0659408, -114.0618674 51.0658724, -114.0623108 51.0658719, -114.062313 51.0653243, -114.0618694 51.0653247, -114.0618699 51.0652768, -114.0613719 51.0652774)))"
203V 1507 CENTRE A ST NE,Residential,CRESCENT HEIGHTS,"C-COR1,DC","MULTIPOLYGON (((-114.0613719 51.0652774, -114.0613695 51.0659414, -114.0618671 51.0659408, -114.0618674 51.0658724, -114.0623108 51.0658719, -114.062313 51.0653243, -114.0618694 51.0653247, -114.0618699 51.0652768, -114.0613719 51.0652774)))"
204V 1507 CENTRE A ST NE,Residential,CRESCENT HEIGHTS,"C-COR1,DC","MULTIPOLYGON (((-114.0613719 51.0652774, -114.0613695 51.0659414, -114.0618671 51.0659408, -114.0618674 51.0658724, -114.0623108 51.0658719, -114.062313 51.0653243, -114.0618694 51.0653247, -114.0618699 51.0652768, -114.0613719 51.0652774)))"
205S 1507 CENTRE A ST NE,Residential,CRESCENT HEIGHTS,"C-COR1,DC","MULTIPOLYGON (((-114.0613719 51.0652774, -114.0613695 51.0659414, -114.0618671 51.0659408, -114.0618674 51.0658724, -114.0623108 51.0658719, -114.062313 51.0653243, -114.0618694 51.0653247, -114.0618699 51.0652768, -114.0613719 51.0652774)))"
206S 1507 CENTRE A ST NE,Residential,CRESCENT HEIGHTS,"C-COR1,DC","MULTIPOLYGON (((-114.0613719 51.0652774, -114.0613695 51.0659414, -114.0618671 51.0659408, -114.0618674 51.0658724, -114.0623108 51.0658719, -114.062313 51.0653243, -114.0618694 51.0653247, -114.0618699 51.0652768, -114.0613719 51.0652774)))"
208S 1507 CENTRE A ST NE,Residential,CRESCENT HEIGHTS,"C-COR1,DC","MULTIPOLYGON (((-114.0613719 51.0652774, -114.0613695 51.0659414, -114.0618671 51.0659408, -114.0618674 51.0658724, -114.0623108 51.0658719, -114.062313 51.0653243, -114.0618694 51.0653247, -114.0618699 51.0652768, -114.0613719 51.0652774)))"
209S 1507 CENTRE A ST NE,Residential,CRESCENT HEIGHTS,"C-COR1,DC","MULTIPOLYGON (((-114.0613719 51.0652774, -114.0613695 51.0659414, -114.0618671 51.0659408, -114.0618674 51.0658724, -114.0623108 51.0658719, -114.062313 51.0653243, -114.0618694 51.0653247, -114.0618699 51.0652768, -114.0613719 51.0652774)))"
210S 1507 CENTRE A ST NE,Residential,CRESCENT HEIGHTS,"C-COR1,DC","MULTIPOLYGON (((-114.0613719 51.0652774, -114.0613695 51.0659414, -114.0618671 51.0659408, -114.0618674 51.0658724, -114.0623108 51.0658719, -114.062313 51.0653243, -114.0618694 51.0653247, -114.0618699 51.0652768, -114.0613719 51.0652774)))"
211V 1507 CENTRE A ST NE,Residential,CRESCENT HEIGHTS,"C-COR1,DC","MULTIPOLYGON (((-114.0613719 51.0652774, -114.0613695 51.0659414, -114.0618671 51.0659408, -114.0618674 51.0658724, -114.0623108 51.0658719, -114.062313 51.0653243, -114.0618694 51.0653247, -114.0618699 51.0652768, -114.0613719 51.0652774)))"
212V 1507 CENTRE A ST NE,Residential,CRESCENT HEIGHTS,"C-COR1,DC","MULTIPOLYGON (((-114.0613719 51.0652774, -114.0613695 51.0659414, -114.0618671 51.0659408, -114.0618674 51.0658724, -114.0623108 51.0658719, -114.062313 51.0653243, -114.0618694 51.0653247, -114.0618699 51.0652768, -114.0613719 51.0652774)))"
213V 1507 CENTRE A ST NE,Residential,CRESCENT HEIGHTS,"C-COR1,DC","MULTIPOLYGON (((-114.0613719 51.0652774, -114.0613695 51.0659414, -114.0618671 51.0659408, -114.0618674 51.0658724, -114.0623108 51.0658719, -114.062313 51.0653243, -114.0618694 51.0653247, -114.0618699 51.0652768, -114.0613719 51.0652774)))"
214V 1507 CENTRE A ST NE,Residential,CRESCENT HEIGHTS,"C-COR1,DC","MULTIPOLYGON (((-114.0613719 51.0652774, -114.0613695 51.0659414, -114.0618671 51.0659408, -114.0618674 51.0658724, -114.0623108 51.0658719, -114.062313 51.0653243, -114.0618694 51.0653247, -114.0618699 51.0652768, -114.0613719 51.0652774)))"
215V 1507 CENTRE A ST NE,Residential,CRESCENT HEIGHTS,"C-COR1,DC","MULTIPOLYGON (((-114.0613719 51.0652774, -114.0613695 51.0659414, -114.0618671 51.0659408, -114.0618674 51.0658724, -114.0623108 51.0658719, -114.062313 51.0653243, -114.0618694 51.0653247, -114.0618699 51.0652768, -114.0613719 51.0652774)))"
216V 1507 CENTRE A ST NE,Residential,CRESCENT HEIGHTS,"C-COR1,DC","MULTIPOLYGON (((-114.0613719 51.0652774, -114.0613695 51.0659414, -114.0618671 51.0659408, -114.0618674 51.0658724, -114.0623108 51.0658719, -114.062313 51.0653243, -114.0618694 51.0653247, -114.0618699 51.0652768, -114.0613719 51.0652774)))"
217V 1507 CENTRE A ST NE,Residential,CRESCENT HEIGHTS,"C-COR1,DC","MULTIPOLYGON (((-114.0613719 51.0652774, -114.0613695 51.0659414, -114.0618671 51.0659408, -114.0618674 51.0658724, -114.0623108 51.0658719, -114.062313 51.0653243, -114.0618694 51.0653247, -114.0618699 51.0652768, -114.0613719 51.0652774)))"
171S 1507 CENTRE A ST NE,Residential,CRESCENT HEIGHTS,"C-COR1,DC","MULTIPOLYGON (((-114.0613719 51.0652774, -114.0613695 51.0659414, -114.0618671 51.0659408, -114.0618674 51.0658724, -114.0623108 51.0658719, -114.062313 51.0653243, -114.0618694 51.0653247, -114.0618699 51.0652768, -114.0613719 51.0652774)))"
173S 1507 CENTRE A ST NE,Residential,CRESCENT HEIGHTS,"C-COR1,DC","MULTIPOLYGON (((-114.0613719 51.0652774, -114.0613695 51.0659414, -114.0618671 51.0659408, -114.0618674 51.0658724, -114.0623108 51.0658719, -114.062313 51.0653243, -114.0618694 51.0653247, -114.0618699 51.0652768, -114.0613719 51.0652774)))"
174S 1507 CENTRE A ST NE,Residential,CRESCENT HEIGHTS,"C-COR1,DC","MULTIPOLYGON (((-114.0613719 51.0652774, -114.0613695 51.0659414, -114.0618671 51.0659408, -114.0618674 51.0658724, -114.0623108 51.0658719, -114.062313 51.0653243, -114.0618694 51.0653247, -114.0618699 51.0652768, -114.0613719 51.0652774)))"
149V 1507 CENTRE A ST NE,Residential,CRESCENT HEIGHTS,"C-COR1,DC","MULTIPOLYGON (((-114.0613719 51.0652774, -114.0613695 51.0659414, -114.0618671 51.0659408, -114.0618674 51.0658724, -114.0623108 51.0658719, -114.062313 51.0653243, -114.0618694 51.0653247, -114.0618699 51.0652768, -114.0613719 51.0652774)))"
150V 1507 CENTRE A ST NE,Residential,CRESCENT HEIGHTS,"C-COR1,DC","MULTIPOLYGON (((-114.0613719 51.0652774, -114.0613695 51.0659414, -114.0618671 51.0659408, -114.0618674 51.0658724, -114.0623108 51.0658719, -114.062313 51.0653243, -114.0618694 51.0653247, -114.0618699 51.0652768, -114.0613719 51.0652774)))"
151V 1507 CENTRE A ST NE,Residential,CRESCENT HEIGHTS,"C-COR1,DC","MULTIPOLYGON (((-114.0613719 51.0652774, -114.0613695 51.0659414, -114.0618671 51.0659408, -114.0618674 51.0658724, -114.0623108 51.0658719, -114.062313 51.0653243, -114.0618694 51.0653247, -114.0618699 51.0652768, -114.0613719 51.0652774)))"
152V 1507 CENTRE A ST NE,Residential,CRESCENT HEIGHTS,"C-COR1,DC","MULTIPOLYGON (((-114.0613719 51.0652774, -114.0613695 51.0659414, -114.0618671 51.0659408, -114.0618674 51.0658724, -114.0623108 51.0658719, -114.062313 51.0653243, -114.0618694 51.0653247, -114.0618699 51.0652768, -114.0613719 51.0652774)))"
153V 1507 CENTRE A ST NE,Residential,CRESCENT HEIGHTS,"C-COR1,DC","MULTIPOLYGON (((-114.0613719 51.0652774, -114.0613695 51.0659414, -114.0618671 51.0659408, -114.0618674 51.0658724, -114.0623108 51.0658719, -114.062313 51.0653243, -114.0618694 51.0653247, -114.0618699 51.0652768, -114.0613719 51.0652774)))"
154V 1507 CENTRE A ST NE,Residential,CRESCENT HEIGHTS,"C-COR1,DC","MULTIPOLYGON (((-114.0613719 51.0652774, -114.0613695 51.0659414, -114.0618671 51.0659408, -114.0618674 51.0658724, -114.0623108 51.0658719, -114.062313 51.0653243, -114.0618694 51.0653247, -114.0618699 51.0652768, -114.0613719 51.0652774)))"
155V 1507 CENTRE A ST NE,Residential,CRESCENT HEIGHTS,"C-COR1,DC","MULTIPOLYGON (((-114.0613719 51.0652774, -114.0613695 51.0659414, -114.0618671 51.0659408, -114.0618674 51.0658724, -114.0623108 51.0658719, -114.062313 51.0653243, -114.0618694 51.0653247, -114.0618699 51.0652768, -114.0613719 51.0652774)))"
156V 1507 CENTRE A ST NE,Residential,CRESCENT HEIGHTS,"C-COR1,DC","MULTIPOLYGON (((-114.0613719 51.0652774, -114.0613695 51.0659414, -114.0618671 51.0659408, -114.0618674 51.0658724, -114.0623108 51.0658719, -114.062313 51.0653243, -114.0618694 51.0653247, -114.0618699 51.0652768, -114.0613719 51.0652774)))"
157V 1507 CENTRE A ST NE,Residential,CRESCENT HEIGHTS,"C-COR1,DC","MULTIPOLYGON (((-114.0613719 51.0652774, -114.0613695 51.0659414, -114.0618671 51.0659408, -114.0618674 51.0658724, -114.0623108 51.0658719, -114.062313 51.0653243, -114.0618694 51.0653247, -114.0618699 51.0652768, -114.0613719 51.0652774)))"
158V 1507 CENTRE A ST NE,Residential,CRESCENT HEIGHTS,"C-COR1,DC","MULTIPOLYGON (((-114.0613719 51.0652774, -114.0613695 51.0659414, -114.0618671 51.0659408, -114.0618674 51.0658724, -114.0623108 51.0658719, -114.062313 51.0653243, -114.0618694 51.0653247, -114.0618699 51.0652768, -114.0613719 51.0652774)))"
159S 1507 CENTRE A ST NE,Residential,CRESCENT HEIGHTS,"C-COR1,DC","MULTIPOLYGON (((-114.0613719 51.0652774, -114.0613695 51.0659414, -114.0618671 51.0659408, -114.0618674 51.0658724, -114.0623108 51.0658719, -114.062313 51.0653243, -114.0618694 51.0653247, -114.0618699 51.0652768, -114.0613719 51.0652774)))"
160S 1507 CENTRE A ST NE,Residential,CRESCENT HEIGHTS,"C-COR1,DC","MULTIPOLYGON (((-114.0613719 51.0652774, -114.0613695 51.0659414, -114.0618671 51.0659408, -114.0618674 51.0658724, -114.0623108 51.0658719, -114.062313 51.0653243, -114.0618694 51.0653247, -114.0618699 51.0652768, -114.0613719 51.0652774)))"
161S 1507 CENTRE A ST NE,Residential,CRESCENT HEIGHTS,"C-COR1,DC","MULTIPOLYGON (((-114.0613719 51.0652774, -114.0613695 51.0659414, -114.0618671 51.0659408, -114.0618674 51.0658724, -114.0623108 51.0658719, -114.062313 51.0653243, -114.0618694 51.0653247, -114.0618699 51.0652768, -114.0613719 51.0652774)))"
162S 1507 CENTRE A ST NE,Residential,CRESCENT HEIGHTS,"C-COR1,DC","MULTIPOLYGON (((-114.0613719 51.0652774, -114.0613695 51.0659414, -114.0618671 51.0659408, -114.0618674 51.0658724, -114.0623108 51.0658719, -114.062313 51.0653243, -114.0618694 51.0653247, -114.0618699 51.0652768, -114.0613719 51.0652774)))"
163S 1507 CENTRE A ST NE,Residential,CRESCENT HEIGHTS,"C-COR1,DC","MULTIPOLYGON (((-114.0613719 51.0652774, -114.0613695 51.0659414, -114.0618671 51.0659408, -114.0618674 51.0658724, -114.0623108 51.0658719, -114.062313 51.0653243, -114.0618694 51.0653247, -114.0618699 51.0652768, -114.0613719 51.0652774)))"
164V 1507 CENTRE A ST NE,Residential,CRESCENT HEIGHTS,"C-COR1,DC","MULTIPOLYGON (((-114.0613719 51.0652774, -114.0613695 51.0659414, -114.0618671 51.0659408, -114.0618674 51.0658724, -114.0623108 51.0658719, -114.062313 51.0653243, -114.0618694 51.0653247, -114.0618699 51.0652768, -114.0613719 51.0652774)))"
165S 1507 CENTRE A ST NE,Residential,CRESCENT HEIGHTS,"C-COR1,DC","MULTIPOLYGON (((-114.0613719 51.0652774, -114.0613695 51.0659414, -114.0618671 51.0659408, -114.0618674 51.0658724, -114.0623108 51.0658719, -114.062313 51.0653243, -114.0618694 51.0653247, -114.0618699 51.0652768, -114.0613719 51.0652774)))"
166S 1507 CENTRE A ST NE,Residential,CRESCENT HEIGHTS,"C-COR1,DC","MULTIPOLYGON (((-114.0613719 51.0652774, -114.0613695 51.0659414, -114.0618671 51.0659408, -114.0618674 51.0658724, -114.0623108 51.0658719, -114.062313 51.0653243, -114.0618694 51.0653247, -114.0618699 51.0652768, -114.0613719 51.0652774)))"
167S 1507 CENTRE A ST NE,Residential,CRESCENT HEIGHTS,"C-COR1,DC","MULTIPOLYGON (((-114.0613719 51.0652774, -114.0613695 51.0659414, -114.0618671 51.0659408, -114.0618674 51.0658724, -114.0623108 51.0658719, -114.062313 51.0653243, -114.0618694 51.0653247, -114.0618699 51.0652768, -114.0613719 51.0652774)))"
168S 1507 CENTRE A ST NE,Residential,CRESCENT HEIGHTS,"C-COR1,DC","MULTIPOLYGON (((-114.0613719 51.0652774, -114.0613695 51.0659414, -114.0618671 51.0659408, -114.0618674 51.0658724, -114.0623108 51.0658719, -114.062313 51.0653243, -114.0618694 51.0653247, -114.0618699 51.0652768, -114.0613719 51.0652774)))"
169S 1507 CENTRE A ST NE,Residential,CRESCENT HEIGHTS,"C-COR1,DC","MULTIPOLYGON (((-114.0613719 51.0652774, -114.0613695 51.0659414, -114.0618671 51.0659408, -114.0618674 51.0658724, -114.0623108 51.0658719, -114.062313 51.0653243, -114.0618694 51.0653247, -114.0618699 51.0652768, -114.0613719 51.0652774)))"
170S 1507 CENTRE A ST NE,Residential,CRESCENT HEIGHTS,"C-COR1,DC","MULTIPOLYGON (((-114.0613719 51.0652774, -114.0613695 51.0659414, -114.0618671 51.0659408, -114.0618674 51.0658724, -114.0623108 51.0658719, -114.062313 51.0653243, -114.0618694 51.0653247, -114.0618699 51.0652768, -114.0613719 51.0652774)))"
127V 1507 CENTRE A ST NE,Residential,CRESCENT HEIGHTS,"C-COR1,DC","MULTIPOLYGON (((-114.0613719 51.0652774, -114.0613695 51.0659414, -114.0618671 51.0659408, -114.0618674 51.0658724, -114.0623108 51.0658719, -114.062313 51.0653243, -114.0618694 51.0653247, -114.0618699 51.0652768, -114.0613719 51.0652774)))"
128V 1507 CENTRE A ST NE,Residential,CRESCENT HEIGHTS,"C-COR1,DC","MULTIPOLYGON (((-114.0613719 51.0652774, -114.0613695 51.0659414, -114.0618671 51.0659408, -114.0618674 51.0658724, -114.0623108 51.0658719, -114.062313 51.0653243, -114.0618694 51.0653247, -114.0618699 51.0652768, -114.0613719 51.0652774)))"
129V 1507 CENTRE A ST NE,Residential,CRESCENT HEIGHTS,"C-COR1,DC","MULTIPOLYGON (((-114.0613719 51.0652774, -114.0613695 51.0659414, -114.0618671 51.0659408, -114.0618674 51.0658724, -114.0623108 51.0658719, -114.062313 51.0653243, -114.0618694 51.0653247, -114.0618699 51.0652768, -114.0613719 51.0652774)))"
130V 1507 CENTRE A ST NE,Residential,CRESCENT HEIGHTS,"C-COR1,DC","MULTIPOLYGON (((-114.0613719 51.0652774, -114.0613695 51.0659414, -114.0618671 51.0659408, -114.0618674 51.0658724, -114.0623108 51.0658719, -114.062313 51.0653243, -114.0618694 51.0653247, -114.0618699 51.0652768, -114.0613719 51.0652774)))"
131V 1507 CENTRE A ST NE,Residential,CRESCENT HEIGHTS,"C-COR1,DC","MULTIPOLYGON (((-114.0613719 51.0652774, -114.0613695 51.0659414, -114.0618671 51.0659408, -114.0618674 51.0658724, -114.0623108 51.0658719, -114.062313 51.0653243, -114.0618694 51.0653247, -114.0618699 51.0652768, -114.0613719 51.0652774)))"
132S 1507 CENTRE A ST NE,Residential,CRESCENT HEIGHTS,"C-COR1,DC","MULTIPOLYGON (((-114.0613719 51.0652774, -114.0613695 51.0659414, -114.0618671 51.0659408, -114.0618674 51.0658724, -114.0623108 51.0658719, -114.062313 51.0653243, -114.0618694 51.0653247, -114.0618699 51.0652768, -114.0613719 51.0652774)))"
133S 1507 CENTRE A ST NE,Residential,CRESCENT HEIGHTS,"C-COR1,DC","MULTIPOLYGON (((-114.0613719 51.0652774, -114.0613695 51.0659414, -114.0618671 51.0659408, -114.0618674 51.0658724, -114.0623108 51.0658719, -114.062313 51.0653243, -114.0618694 51.0653247, -114.0618699 51.0652768, -114.0613719 51.0652774)))"
134S 1507 CENTRE A ST NE,Residential,CRESCENT HEIGHTS,"C-COR1,DC","MULTIPOLYGON (((-114.0613719 51.0652774, -114.0613695 51.0659414, -114.0618671 51.0659408, -114.0618674 51.0658724, -114.0623108 51.0658719, -114.062313 51.0653243, -114.0618694 51.0653247, -114.0618699 51.0652768, -114.0613719 51.0652774)))"
135S 1507 CENTRE A ST NE,Residential,CRESCENT HEIGHTS,"C-COR1,DC","MULTIPOLYGON (((-114.0613719 51.0652774, -114.0613695 51.0659414, -114.0618671 51.0659408, -114.0618674 51.0658724, -114.0623108 51.0658719, -114.062313 51.0653243, -114.0618694 51.0653247, -114.0618699 51.0652768, -114.0613719 51.0652774)))"
136S 1507 CENTRE A ST NE,Residential,CRESCENT HEIGHTS,"C-COR1,DC","MULTIPOLYGON (((-114.0613719 51.0652774, -114.0613695 51.0659414, -114.0618671 51.0659408, -114.0618674 51.0658724, -114.0623108 51.0658719, -114.062313 51.0653243, -114.0618694 51.0653247, -114.0618699 51.0652768, -114.0613719 51.0652774)))"
137S 1507 CENTRE A ST NE,Residential,CRESCENT HEIGHTS,"C-COR1,DC","MULTIPOLYGON (((-114.0613719 51.0652774, -114.0613695 51.0659414, -114.0618671 51.0659408, -114.0618674 51.0658724, -114.0623108 51.0658719, -114.062313 51.0653243, -114.0618694 51.0653247, -114.0618699 51.0652768, -114.0613719 51.0652774)))"
138S 1507 CENTRE A ST NE,Residential,CRESCENT HEIGHTS,"C-COR1,DC","MULTIPOLYGON (((-114.0613719 51.0652774, -114.0613695 51.0659414, -114.0618671 51.0659408, -114.0618674 51.0658724, -114.0623108 51.0658719, -114.062313 51.0653243, -114.0618694 51.0653247, -114.0618699 51.0652768, -114.0613719 51.0652774)))"
139V 1507 CENTRE A ST NE,Residential,CRESCENT HEIGHTS,"C-COR1,DC","MULTIPOLYGON (((-114.0613719 51.0652774, -114.0613695 51.0659414, -114.0618671 51.0659408, -114.0618674 51.0658724, -114.0623108 51.0658719, -114.062313 51.0653243, -114.0618694 51.0653247, -114.0618699 51.0652768, -114.0613719 51.0652774)))"
140V 1507 CENTRE A ST NE,Residential,CRESCENT HEIGHTS,"C-COR1,DC","MULTIPOLYGON (((-114.0613719 51.0652774, -114.0613695 51.0659414, -114.0618671 51.0659408, -114.0618674 51.0658724, -114.0623108 51.0658719, -114.062313 51.0653243, -114.0618694 51.0653247, -114.0618699 51.0652768, -114.0613719 51.0652774)))"
141V 1507 CENTRE A ST NE,Residential,CRESCENT HEIGHTS,"C-COR1,DC","MULTIPOLYGON (((-114.0613719 51.0652774, -114.0613695 51.0659414, -114.0618671 51.0659408, -114.0618674 51.0658724, -114.0623108 51.0658719, -114.062313 51.0653243, -114.0618694 51.0653247, -114.0618699 51.0652768, -114.0613719 51.0652774)))"
142V 1507 CENTRE A ST NE,Residential,CRESCENT HEIGHTS,"C-COR1,DC","MULTIPOLYGON (((-114.0613719 51.0652774, -114.0613695 51.0659414, -114.0618671 51.0659408, -114.0618674 51.0658724, -114.0623108 51.0658719, -114.062313 51.0653243, -114.0618694 51.0653247, -114.0618699 51.0652768, -114.0613719 51.0652774)))"
143V 1507 CENTRE A ST NE,Residential,CRESCENT HEIGHTS,"C-COR1,DC","MULTIPOLYGON (((-114.0613719 51.0652774, -114.0613695 51.0659414, -114.0618671 51.0659408, -114.0618674 51.0658724, -114.0623108 51.0658719, -114.062313 51.0653243, -114.0618694 51.0653247, -114.0618699 51.0652768, -114.0613719 51.0652774)))"
144V 1507 CENTRE A ST NE,Residential,CRESCENT HEIGHTS,"C-COR1,DC","MULTIPOLYGON (((-114.0613719 51.0652774, -114.0613695 51.0659414, -114.0618671 51.0659408, -114.0618674 51.0658724, -114.0623108 51.0658719, -114.062313 51.0653243, -114.0618694 51.0653247, -114.0618699 51.0652768, -114.0613719 51.0652774)))"
146V 1507 CENTRE A ST NE,Residential,CRESCENT HEIGHTS,"C-COR1,DC","MULTIPOLYGON (((-114.0613719 51.0652774, -114.0613695 51.0659414, -114.0618671 51.0659408, -114.0618674 51.0658724, -114.0623108 51.0658719, -114.062313 51.0653243, -114.0618694 51.0653247, -114.0618699 51.0652768, -114.0613719 51.0652774)))"
147V 1507 CENTRE A ST NE,Residential,CRESCENT HEIGHTS,"C-COR1,DC","MULTIPOLYGON (((-114.0613719 51.0652774, -114.0613695 51.0659414, -114.0618671 51.0659408, -114.0618674 51.0658724, -114.0623108 51.0658719, -114.062313 51.0653243, -114.0618694 51.0653247, -114.0618699 51.0652768, -114.0613719 51.0652774)))"
148V 1507 CENTRE A ST NE,Residential,CRESCENT HEIGHTS,"C-COR1,DC","MULTIPOLYGON (((-114.0613719 51.0652774, -114.0613695 51.0659414, -114.0618671 51.0659408, -114.0618674 51.0658724, -114.0623108 51.0658719, -114.062313 51.0653243, -114.0618694 51.0653247, -114.0618699 51.0652768, -114.0613719 51.0652774)))"
125V 1507 CENTRE A ST NE,Residential,CRESCENT HEIGHTS,"C-COR1,DC","MULTIPOLYGON (((-114.0613719 51.0652774, -114.0613695 51.0659414, -114.0618671 51.0659408, -114.0618674 51.0658724, -114.0623108 51.0658719, -114.062313 51.0653243, -114.0618694 51.0653247, -114.0618699 51.0652768, -114.0613719 51.0652774)))"
126V 1507 CENTRE A ST NE,Residential,CRESCENT HEIGHTS,"C-COR1,DC","MULTIPOLYGON (((-114.0613719 51.0652774, -114.0613695 51.0659414, -114.0618671 51.0659408, -114.0618674 51.0658724, -114.0623108 51.0658719, -114.062313 51.0653243, -114.0618694 51.0653247, -114.0618699 51.0652768, -114.0613719 51.0652774)))"
509 1507 CENTRE A ST NE,Residential,CRESCENT HEIGHTS,"C-COR1,DC","MULTIPOLYGON (((-114.0613719 51.0652774, -114.0613695 51.0659414, -114.0618671 51.0659408, -114.0618674 51.0658724, -114.0623108 51.0658719, -114.062313 51.0653243, -114.0618694 51.0653247, -114.0618699 51.0652768, -114.0613719 51.0652774)))"
507 1507 CENTRE A ST NE,Residential,CRESCENT HEIGHTS,"C-COR1,DC","MULTIPOLYGON (((-114.0613719 51.0652774, -114.0613695 51.0659414, -114.0618671 51.0659408, -114.0618674 51.0658724, -114.0623108 51.0658719, -114.062313 51.0653243, -114.0618694 51.0653247, -114.0618699 51.0652768, -114.0613719 51.0652774)))"
505 1507 CENTRE A ST NE,Residential,CRESCENT HEIGHTS,"C-COR1,DC","MULTIPOLYGON (((-114.0613719 51.0652774, -114.0613695 51.0659414, -114.0618671 51.0659408, -114.0618674 51.0658724, -114.0623108 51.0658719, -114.062313 51.0653243, -114.0618694 51.0653247, -114.0618699 51.0652768, -114.0613719 51.0652774)))"
501 1507 CENTRE A ST NE,Residential,CRESCENT HEIGHTS,"C-COR1,DC","MULTIPOLYGON (((-114.0613719 51.0652774, -114.0613695 51.0659414, -114.0618671 51.0659408, -114.0618674 51.0658724, -114.0623108 51.0658719, -114.062313 51.0653243, -114.0618694 51.0653247, -114.0618699 51.0652768, -114.0613719 51.0652774)))"
502 1507 CENTRE A ST NE,Residential,CRESCENT HEIGHTS,"C-COR1,DC","MULTIPOLYGON (((-114.0613719 51.0652774, -114.0613695 51.0659414, -114.0618671 51.0659408, -114.0618674 51.0658724, -114.0623108 51.0658719, -114.062313 51.0653243, -114.0618694 51.0653247, -114.0618699 51.0652768, -114.0613719 51.0652774)))"
506 1507 CENTRE A ST NE,Residential,CRESCENT HEIGHTS,"C-COR1,DC","MULTIPOLYGON (((-114.0613719 51.0652774, -114.0613695 51.0659414, -114.0618671 51.0659408, -114.0618674 51.0658724, -114.0623108 51.0658719, -114.062313 51.0653243, -114.0618694 51.0653247, -114.0618699 51.0652768, -114.0613719 51.0652774)))"
508 1507 CENTRE A ST NE,Residential,CRESCENT HEIGHTS,"C-COR1,DC","MULTIPOLYGON (((-114.0613719 51.0652774, -114.0613695 51.0659414, -114.0618671 51.0659408, -114.0618674 51.0658724, -114.0623108 51.0658719, -114.062313 51.0653243, -114.0618694 51.0653247, -114.0618699 51.0652768, -114.0613719 51.0652774)))"
510 1507 CENTRE A ST NE,Residential,CRESCENT HEIGHTS,"C-COR1,DC","MULTIPOLYGON (((-114.0613719 51.0652774, -114.0613695 51.0659414, -114.0618671 51.0659408, -114.0618674 51.0658724, -114.0623108 51.0658719, -114.062313 51.0653243, -114.0618694 51.0653247, -114.0618699 51.0652768, -114.0613719 51.0652774)))"
512 1507 CENTRE A ST NE,Residential,CRESCENT HEIGHTS,"C-COR1,DC","MULTIPOLYGON (((-114.0613719 51.0652774, -114.0613695 51.0659414, -114.0618671 51.0659408, -114.0618674 51.0658724, -114.0623108 51.0658719, -114.062313 51.0653243, -114.0618694 51.0653247, -114.0618699 51.0652768, -114.0613719 51.0652774)))"
516 1507 CENTRE A ST NE,Residential,CRESCENT HEIGHTS,"C-COR1,DC","MULTIPOLYGON (((-114.0613719 51.0652774, -114.0613695 51.0659414, -114.0618671 51.0659408, -114.0618674 51.0658724, -114.0623108 51.0658719, -114.062313 51.0653243, -114.0618694 51.0653247, -114.0618699 51.0652768, -114.0613719 51.0652774)))"
617 1507 CENTRE A ST NE,Residential,CRESCENT HEIGHTS,"C-COR1,DC","MULTIPOLYGON (((-114.0613719 51.0652774, -114.0613695 51.0659414, -114.0618671 51.0659408, -114.0618674 51.0658724, -114.0623108 51.0658719, -114.062313 51.0653243, -114.0618694 51.0653247, -114.0618699 51.0652768, -114.0613719 51.0652774)))"
615 1507 CENTRE A ST NE,Residential,CRESCENT HEIGHTS,"C-COR1,DC","MULTIPOLYGON (((-114.0613719 51.0652774, -114.0613695 51.0659414, -114.0618671 51.0659408, -114.0618674 51.0658724, -114.0623108 51.0658719, -114.062313 51.0653243, -114.0618694 51.0653247, -114.0618699 51.0652768, -114.0613719 51.0652774)))"
613 1507 CENTRE A ST NE,Residential,CRESCENT HEIGHTS,"C-COR1,DC","MULTIPOLYGON (((-114.0613719 51.0652774, -114.0613695 51.0659414, -114.0618671 51.0659408, -114.0618674 51.0658724, -114.0623108 51.0658719, -114.062313 51.0653243, -114.0618694 51.0653247, -114.0618699 51.0652768, -114.0613719 51.0652774)))"
611 1507 CENTRE A ST NE,Residential,CRESCENT HEIGHTS,"C-COR1,DC","MULTIPOLYGON (((-114.0613719 51.0652774, -114.0613695 51.0659414, -114.0618671 51.0659408, -114.0618674 51.0658724, -114.0623108 51.0658719, -114.062313 51.0653243, -114.0618694 51.0653247, -114.0618699 51.0652768, -114.0613719 51.0652774)))"
609 1507 CENTRE A ST NE,Residential,CRESCENT HEIGHTS,"C-COR1,DC","MULTIPOLYGON (((-114.0613719 51.0652774, -114.0613695 51.0659414, -114.0618671 51.0659408, -114.0618674 51.0658724, -114.0623108 51.0658719, -114.062313 51.0653243, -114.0618694 51.0653247, -114.0618699 51.0652768, -114.0613719 51.0652774)))"
607 1507 CENTRE A ST NE,Residential,CRESCENT HEIGHTS,"C-COR1,DC","MULTIPOLYGON (((-114.0613719 51.0652774, -114.0613695 51.0659414, -114.0618671 51.0659408, -114.0618674 51.0658724, -114.0623108 51.0658719, -114.062313 51.0653243, -114.0618694 51.0653247, -114.0618699 51.0652768, -114.0613719 51.0652774)))"
605 1507 CENTRE A ST NE,Residential,CRESCENT HEIGHTS,"C-COR1,DC","MULTIPOLYGON (((-114.0613719 51.0652774, -114.0613695 51.0659414, -114.0618671 51.0659408, -114.0618674 51.0658724, -114.0623108 51.0658719, -114.062313 51.0653243, -114.0618694 51.0653247, -114.0618699 51.0652768, -114.0613719 51.0652774)))"
601 1507 CENTRE A ST NE,Residential,CRESCENT HEIGHTS,"C-COR1,DC","MULTIPOLYGON (((-114.0613719 51.0652774, -114.0613695 51.0659414, -114.0618671 51.0659408, -114.0618674 51.0658724, -114.0623108 51.0658719, -114.062313 51.0653243, -114.0618694 51.0653247, -114.0618699 51.0652768, -114.0613719 51.0652774)))"
602 1507 CENTRE A ST NE,Residential,CRESCENT HEIGHTS,"C-COR1,DC","MULTIPOLYGON (((-114.0613719 51.0652774, -114.0613695 51.0659414, -114.0618671 51.0659408, -114.0618674 51.0658724, -114.0623108 51.0658719, -114.062313 51.0653243, -114.0618694 51.0653247, -114.0618699 51.0652768, -114.0613719 51.0652774)))"
606 1507 CENTRE A ST NE,Residential,CRESCENT HEIGHTS,"C-COR1,DC","MULTIPOLYGON (((-114.0613719 51.0652774, -114.0613695 51.0659414, -114.0618671 51.0659408, -114.0618674 51.0658724, -114.0623108 51.0658719, -114.062313 51.0653243, -114.0618694 51.0653247, -114.0618699 51.0652768, -114.0613719 51.0652774)))"
608 1507 CENTRE A ST NE,Residential,CRESCENT HEIGHTS,"C-COR1,DC","MULTIPOLYGON (((-114.0613719 51.0652774, -114.0613695 51.0659414, -114.0618671 51.0659408, -114.0618674 51.0658724, -114.0623108 51.0658719, -114.062313 51.0653243, -114.0618694 51.0653247, -114.0618699 51.0652768, -114.0613719 51.0652774)))"
610 1507 CENTRE A ST NE,Residential,CRESCENT HEIGHTS,"C-COR1,DC","MULTIPOLYGON (((-114.0613719 51.0652774, -114.0613695 51.0659414, -114.0618671 51.0659408, -114.0618674 51.0658724, -114.0623108 51.0658719, -114.062313 51.0653243, -114.0618694 51.0653247, -114.0618699 51.0652768, -114.0613719 51.0652774)))"
612 1507 CENTRE A ST NE,Residential,CRESCENT HEIGHTS,"C-COR1,DC","MULTIPOLYGON (((-114.0613719 51.0652774, -114.0613695 51.0659414, -114.0618671 51.0659408, -114.0618674 51.0658724, -114.0623108 51.0658719, -114.062313 51.0653243, -114.0618694 51.0653247, -114.0618699 51.0652768, -114.0613719 51.0652774)))"
616 1507 CENTRE A ST NE,Residential,CRESCENT HEIGHTS,"C-COR1,DC","MULTIPOLYGON (((-114.0613719 51.0652774, -114.0613695 51.0659414, -114.0618671 51.0659408, -114.0618674 51.0658724, -114.0623108 51.0658719, -114.062313 51.0653243, -114.0618694 51.0653247, -114.0618699 51.0652768, -114.0613719 51.0652774)))"
108V 1507 CENTRE A ST NE,Residential,CRESCENT HEIGHTS,"C-COR1,DC","MULTIPOLYGON (((-114.0613719 51.0652774, -114.0613695 51.0659414, -114.0618671 51.0659408, -114.0618674 51.0658724, -114.0623108 51.0658719, -114.062313 51.0653243, -114.0618694 51.0653247, -114.0618699 51.0652768, -114.0613719 51.0652774)))"
109V 1507 CENTRE A ST NE,Residential,CRESCENT HEIGHTS,"C-COR1,DC","MULTIPOLYGON (((-114.0613719 51.0652774, -114.0613695 51.0659414, -114.0618671 51.0659408, -114.0618674 51.0658724, -114.0623108 51.0658719, -114.062313 51.0653243, -114.0618694 51.0653247, -114.0618699 51.0652768, -114.0613719 51.0652774)))"
110V 1507 CENTRE A ST NE,Residential,CRESCENT HEIGHTS,"C-COR1,DC","MULTIPOLYGON (((-114.0613719 51.0652774, -114.0613695 51.0659414, -114.0618671 51.0659408, -114.0618674 51.0658724, -114.0623108 51.0658719, -114.062313 51.0653243, -114.0618694 51.0653247, -114.0618699 51.0652768, -114.0613719 51.0652774)))"
111V 1507 CENTRE A ST NE,Residential,CRESCENT HEIGHTS,"C-COR1,DC","MULTIPOLYGON (((-114.0613719 51.0652774, -114.0613695 51.0659414, -114.0618671 51.0659408, -114.0618674 51.0658724, -114.0623108 51.0658719, -114.062313 51.0653243, -114.0618694 51.0653247, -114.0618699 51.0652768, -114.0613719 51.0652774)))"
112V 1507 CENTRE A ST NE,Residential,CRESCENT HEIGHTS,"C-COR1,DC","MULTIPOLYGON (((-114.0613719 51.0652774, -114.0613695 51.0659414, -114.0618671 51.0659408, -114.0618674 51.0658724, -114.0623108 51.0658719, -114.062313 51.0653243, -114.0618694 51.0653247, -114.0618699 51.0652768, -114.0613719 51.0652774)))"
113V 1507 CENTRE A ST NE,Residential,CRESCENT HEIGHTS,"C-COR1,DC","MULTIPOLYGON (((-114.0613719 51.0652774, -114.0613695 51.0659414, -114.0618671 51.0659408, -114.0618674 51.0658724, -114.0623108 51.0658719, -114.062313 51.0653243, -114.0618694 51.0653247, -114.0618699 51.0652768, -114.0613719 51.0652774)))"
114V 1507 CENTRE A ST NE,Residential,CRESCENT HEIGHTS,"C-COR1,DC","MULTIPOLYGON (((-114.0613719 51.0652774, -114.0613695 51.0659414, -114.0618671 51.0659408, -114.0618674 51.0658724, -114.0623108 51.0658719, -114.062313 51.0653243, -114.0618694 51.0653247, -114.0618699 51.0652768, -114.0613719 51.0652774)))"
115V 1507 CENTRE A ST NE,Residential,CRESCENT HEIGHTS,"C-COR1,DC","MULTIPOLYGON (((-114.0613719 51.0652774, -114.0613695 51.0659414, -114.0618671 51.0659408, -114.0618674 51.0658724, -114.0623108 51.0658719, -114.062313 51.0653243, -114.0618694 51.0653247, -114.0618699 51.0652768, -114.0613719 51.0652774)))"
116V 1507 CENTRE A ST NE,Residential,CRESCENT HEIGHTS,"C-COR1,DC","MULTIPOLYGON (((-114.0613719 51.0652774, -114.0613695 51.0659414, -114.0618671 51.0659408, -114.0618674 51.0658724, -114.0623108 51.0658719, -114.062313 51.0653243, -114.0618694 51.0653247, -114.0618699 51.0652768, -114.0613719 51.0652774)))"
117V 1507 CENTRE A ST NE,Residential,CRESCENT HEIGHTS,"C-COR1,DC","MULTIPOLYGON (((-114.0613719 51.0652774, -114.0613695 51.0659414, -114.0618671 51.0659408, -114.0618674 51.0658724, -114.0623108 51.0658719, -114.062313 51.0653243, -114.0618694 51.0653247, -114.0618699 51.0652768, -114.0613719 51.0652774)))"
118V 1507 CENTRE A ST NE,Residential,CRESCENT HEIGHTS,"C-COR1,DC","MULTIPOLYGON (((-114.0613719 51.0652774, -114.0613695 51.0659414, -114.0618671 51.0659408, -114.0618674 51.0658724, -114.0623108 51.0658719, -114.062313 51.0653243, -114.0618694 51.0653247, -114.0618699 51.0652768, -114.0613719 51.0652774)))"
119V 1507 CENTRE A ST NE,Residential,CRESCENT HEIGHTS,"C-COR1,DC","MULTIPOLYGON (((-114.0613719 51.0652774, -114.0613695 51.0659414, -114.0618671 51.0659408, -114.0618674 51.0658724, -114.0623108 51.0658719, -114.062313 51.0653243, -114.0618694 51.0653247, -114.0618699 51.0652768, -114.0613719 51.0652774)))"
120V 1507 CENTRE A ST NE,Residential,CRESCENT HEIGHTS,"C-COR1,DC","MULTIPOLYGON (((-114.0613719 51.0652774, -114.0613695 51.0659414, -114.0618671 51.0659408, -114.0618674 51.0658724, -114.0623108 51.0658719, -114.062313 51.0653243, -114.0618694 51.0653247, -114.0618699 51.0652768, -114.0613719 51.0652774)))"
121V 1507 CENTRE A ST NE,Residential,CRESCENT HEIGHTS,"C-COR1,DC","MULTIPOLYGON (((-114.0613719 51.0652774, -114.0613695 51.0659414, -114.0618671 51.0659408, -114.0618674 51.0658724, -114.0623108 51.0658719, -114.062313 51.0653243, -114.0618694 51.0653247, -114.0618699 51.0652768, -114.0613719 51.0652774)))"
122V 1507 CENTRE A ST NE,Residential,CRESCENT HEIGHTS,"C-COR1,DC","MULTIPOLYGON (((-114.0613719 51.0652774, -114.0613695 51.0659414, -114.0618671 51.0659408, -114.0618674 51.0658724, -114.0623108 51.0658719, -114.062313 51.0653243, -114.0618694 51.0653247, -114.0618699 51.0652768, -114.0613719 51.0652774)))"
123V 1507 CENTRE A ST NE,Residential,CRESCENT HEIGHTS,"C-COR1,DC","MULTIPOLYGON (((-114.0613719 51.0652774, -114.0613695 51.0659414, -114.0618671 51.0659408, -114.0618674 51.0658724, -114.0623108 51.0658719, -114.062313 51.0653243, -114.0618694 51.0653247, -114.0618699 51.0652768, -114.0613719 51.0652774)))"
124V 1507 CENTRE A ST NE,Residential,CRESCENT HEIGHTS,"C-COR1,DC","MULTIPOLYGON (((-114.0613719 51.0652774, -114.0613695 51.0659414, -114.0618671 51.0659408, -114.0618674 51.0658724, -114.0623108 51.0658719, -114.062313 51.0653243, -114.0618694 51.0653247, -114.0618699 51.0652768, -114.0613719 51.0652774)))"
406 1507 CENTRE A ST NE,Residential,CRESCENT HEIGHTS,"C-COR1,DC","MULTIPOLYGON (((-114.0613719 51.0652774, -114.0613695 51.0659414, -114.0618671 51.0659408, -114.0618674 51.0658724, -114.0623108 51.0658719, -114.062313 51.0653243, -114.0618694 51.0653247, -114.0618699 51.0652768, -114.0613719 51.0652774)))"
408 1507 CENTRE A ST NE,Residential,CRESCENT HEIGHTS,"C-COR1,DC","MULTIPOLYGON (((-114.0613719 51.0652774, -114.0613695 51.0659414, -114.0618671 51.0659408, -114.0618674 51.0658724, -114.0623108 51.0658719, -114.062313 51.0653243, -114.0618694 51.0653247, -114.0618699 51.0652768, -114.0613719 51.0652774)))"
410 1507 CENTRE A ST NE,Residential,CRESCENT HEIGHTS,"C-COR1,DC","MULTIPOLYGON (((-114.0613719 51.0652774, -114.0613695 51.0659414, -114.0618671 51.0659408, -114.0618674 51.0658724, -114.0623108 51.0658719, -114.062313 51.0653243, -114.0618694 51.0653247, -114.0618699 51.0652768, -114.0613719 51.0652774)))"
412 1507 CENTRE A ST NE,Residential,CRESCENT HEIGHTS,"C-COR1,DC","MULTIPOLYGON (((-114.0613719 51.0652774, -114.0613695 51.0659414, -114.0618671 51.0659408, -114.0618674 51.0658724, -114.0623108 51.0658719, -114.062313 51.0653243, -114.0618694 51.0653247, -114.0618699 51.0652768, -114.0613719 51.0652774)))"
416 1507 CENTRE A ST NE,Residential,CRESCENT HEIGHTS,"C-COR1,DC","MULTIPOLYGON (((-114.0613719 51.0652774, -114.0613695 51.0659414, -114.0618671 51.0659408, -114.0618674 51.0658724, -114.0623108 51.0658719, -114.062313 51.0653243, -114.0618694 51.0653247, -114.0618699 51.0652768, -114.0613719 51.0652774)))"
517 1507 CENTRE A ST NE,Residential,CRESCENT HEIGHTS,"C-COR1,DC","MULTIPOLYGON (((-114.0613719 51.0652774, -114.0613695 51.0659414, -114.0618671 51.0659408, -114.0618674 51.0658724, -114.0623108 51.0658719, -114.062313 51.0653243, -114.0618694 51.0653247, -114.0618699 51.0652768, -114.0613719 51.0652774)))"
515 1507 CENTRE A ST NE,Residential,CRESCENT HEIGHTS,"C-COR1,DC","MULTIPOLYGON (((-114.0613719 51.0652774, -114.0613695 51.0659414, -114.0618671 51.0659408, -114.0618674 51.0658724, -114.0623108 51.0658719, -114.062313 51.0653243, -114.0618694 51.0653247, -114.0618699 51.0652768, -114.0613719 51.0652774)))"
513 1507 CENTRE A ST NE,Residential,CRESCENT HEIGHTS,"C-COR1,DC","MULTIPOLYGON (((-114.0613719 51.0652774, -114.0613695 51.0659414, -114.0618671 51.0659408, -114.0618674 51.0658724, -114.0623108 51.0658719, -114.062313 51.0653243, -114.0618694 51.0653247, -114.0618699 51.0652768, -114.0613719 51.0652774)))"
511 1507 CENTRE A ST NE,Residential,CRESCENT HEIGHTS,"C-COR1,DC","MULTIPOLYGON (((-114.0613719 51.0652774, -114.0613695 51.0659414, -114.0618671 51.0659408, -114.0618674 51.0658724, -114.0623108 51.0658719, -114.062313 51.0653243, -114.0618694 51.0653247, -114.0618699 51.0652768, -114.0613719 51.0652774)))"
201 1507 CENTRE A ST NE,Residential,CRESCENT HEIGHTS,"C-COR1,DC","MULTIPOLYGON (((-114.0613719 51.0652774, -114.0613695 51.0659414, -114.0618671 51.0659408, -114.0618674 51.0658724, -114.0623108 51.0658719, -114.062313 51.0653243, -114.0618694 51.0653247, -114.0618699 51.0652768, -114.0613719 51.0652774)))"
202 1507 CENTRE A ST NE,Residential,CRESCENT HEIGHTS,"C-COR1,DC","MULTIPOLYGON (((-114.0613719 51.0652774, -114.0613695 51.0659414, -114.0618671 51.0659408, -114.0618674 51.0658724, -114.0623108 51.0658719, -114.062313 51.0653243, -114.0618694 51.0653247, -114.0618699 51.0652768, -114.0613719 51.0652774)))"
206 1507 CENTRE A ST NE,Residential,CRESCENT HEIGHTS,"C-COR1,DC","MULTIPOLYGON (((-114.0613719 51.0652774, -114.0613695 51.0659414, -114.0618671 51.0659408, -114.0618674 51.0658724, -114.0623108 51.0658719, -114.062313 51.0653243, -114.0618694 51.0653247, -114.0618699 51.0652768, -114.0613719 51.0652774)))"
208 1507 CENTRE A ST NE,Residential,CRESCENT HEIGHTS,"C-COR1,DC","MULTIPOLYGON (((-114.0613719 51.0652774, -114.0613695 51.0659414, -114.0618671 51.0659408, -114.0618674 51.0658724, -114.0623108 51.0658719, -114.062313 51.0653243, -114.0618694 51.0653247, -114.0618699 51.0652768, -114.0613719 51.0652774)))"
210 1507 CENTRE A ST NE,Residential,CRESCENT HEIGHTS,"C-COR1,DC","MULTIPOLYGON (((-114.0613719 51.0652774, -114.0613695 51.0659414, -114.0618671 51.0659408, -114.0618674 51.0658724, -114.0623108 51.0658719, -114.062313 51.0653243, -114.0618694 51.0653247, -114.0618699 51.0652768, -114.0613719 51.0652774)))"
212 1507 CENTRE A ST NE,Residential,CRESCENT HEIGHTS,"C-COR1,DC","MULTIPOLYGON (((-114.0613719 51.0652774, -114.0613695 51.0659414, -114.0618671 51.0659408, -114.0618674 51.0658724, -114.0623108 51.0658719, -114.062313 51.0653243, -114.0618694 51.0653247, -114.0618699 51.0652768, -114.0613719 51.0652774)))"
216 1507 CENTRE A ST NE,Residential,CRESCENT HEIGHTS,"C-COR1,DC","MULTIPOLYGON (((-114.0613719 51.0652774, -114.0613695 51.0659414, -114.0618671 51.0659408, -114.0618674 51.0658724, -114.0623108 51.0658719, -114.062313 51.0653243, -114.0618694 51.0653247, -114.0618699 51.0652768, -114.0613719 51.0652774)))"
217 1507 CENTRE A ST NE,Residential,CRESCENT HEIGHTS,"C-COR1,DC","MULTIPOLYGON (((-114.0613719 51.0652774, -114.0613695 51.0659414, -114.0618671 51.0659408, -114.0618674 51.0658724, -114.0623108 51.0658719, -114.062313 51.0653243, -114.0618694 51.0653247, -114.0618699 51.0652768, -114.0613719 51.0652774)))"
215 1507 CENTRE A ST NE,Residential,CRESCENT HEIGHTS,"C-COR1,DC","MULTIPOLYGON (((-114.0613719 51.0652774, -114.0613695 51.0659414, -114.0618671 51.0659408, -114.0618674 51.0658724, -114.0623108 51.0658719, -114.062313 51.0653243, -114.0618694 51.0653247, -114.0618699 51.0652768, -114.0613719 51.0652774)))"
213 1507 CENTRE A ST NE,Residential,CRESCENT HEIGHTS,"C-COR1,DC","MULTIPOLYGON (((-114.0613719 51.0652774, -114.0613695 51.0659414, -114.0618671 51.0659408, -114.0618674 51.0658724, -114.0623108 51.0658719, -114.062313 51.0653243, -114.0618694 51.0653247, -114.0618699 51.0652768, -114.0613719 51.0652774)))"
317 1507 CENTRE A ST NE,Residential,CRESCENT HEIGHTS,"C-COR1,DC","MULTIPOLYGON (((-114.0613719 51.0652774, -114.0613695 51.0659414, -114.0618671 51.0659408, -114.0618674 51.0658724, -114.0623108 51.0658719, -114.062313 51.0653243, -114.0618694 51.0653247, -114.0618699 51.0652768, -114.0613719 51.0652774)))"
315 1507 CENTRE A ST NE,Residential,CRESCENT HEIGHTS,"C-COR1,DC","MULTIPOLYGON (((-114.0613719 51.0652774, -114.0613695 51.0659414, -114.0618671 51.0659408, -114.0618674 51.0658724, -114.0623108 51.0658719, -114.062313 51.0653243, -114.0618694 51.0653247, -114.0618699 51.0652768, -114.0613719 51.0652774)))"
313 1507 CENTRE A ST NE,Residential,CRESCENT HEIGHTS,"C-COR1,DC","MULTIPOLYGON (((-114.0613719 51.0652774, -114.0613695 51.0659414, -114.0618671 51.0659408, -114.0618674 51.0658724, -114.0623108 51.0658719, -114.062313 51.0653243, -114.0618694 51.0653247, -114.0618699 51.0652768, -114.0613719 51.0652774)))"
311 1507 CENTRE A ST NE,Residential,CRESCENT HEIGHTS,"C-COR1,DC","MULTIPOLYGON (((-114.0613719 51.0652774, -114.0613695 51.0659414, -114.0618671 51.0659408, -114.0618674 51.0658724, -114.0623108 51.0658719, -114.062313 51.0653243, -114.0618694 51.0653247, -114.0618699 51.0652768, -114.0613719 51.0652774)))"
309 1507 CENTRE A ST NE,Residential,CRESCENT HEIGHTS,"C-COR1,DC","MULTIPOLYGON (((-114.0613719 51.0652774, -114.0613695 51.0659414, -114.0618671 51.0659408, -114.0618674 51.0658724, -114.0623108 51.0658719, -114.062313 51.0653243, -114.0618694 51.0653247, -114.0618699 51.0652768, -114.0613719 51.0652774)))"
307 1507 CENTRE A ST NE,Residential,CRESCENT HEIGHTS,"C-COR1,DC","MULTIPOLYGON (((-114.0613719 51.0652774, -114.0613695 51.0659414, -114.0618671 51.0659408, -114.0618674 51.0658724, -114.0623108 51.0658719, -114.062313 51.0653243, -114.0618694 51.0653247, -114.0618699 51.0652768, -114.0613719 51.0652774)))"
305 1507 CENTRE A ST NE,Residential,CRESCENT HEIGHTS,"C-COR1,DC","MULTIPOLYGON (((-114.0613719 51.0652774, -114.0613695 51.0659414, -114.0618671 51.0659408, -114.0618674 51.0658724, -114.0623108 51.0658719, -114.062313 51.0653243, -114.0618694 51.0653247, -114.0618699 51.0652768, -114.0613719 51.0652774)))"
303 1507 CENTRE A ST NE,Residential,CRESCENT HEIGHTS,"C-COR1,DC","MULTIPOLYGON (((-114.0613719 51.0652774, -114.0613695 51.0659414, -114.0618671 51.0659408, -114.0618674 51.0658724, -114.0623108 51.0658719, -114.062313 51.0653243, -114.0618694 51.0653247, -114.0618699 51.0652768, -114.0613719 51.0652774)))"
301 1507 CENTRE A ST NE,Residential,CRESCENT HEIGHTS,"C-COR1,DC","MULTIPOLYGON (((-114.0613719 51.0652774, -114.0613695 51.0659414, -114.0618671 51.0659408, -114.0618674 51.0658724, -114.0623108 51.0658719, -114.062313 51.0653243, -114.0618694 51.0653247, -114.0618699 51.0652768, -114.0613719 51.0652774)))"
302 1507 CENTRE A ST NE,Residential,CRESCENT HEIGHTS,"C-COR1,DC","MULTIPOLYGON (((-114.0613719 51.0652774, -114.0613695 51.0659414, -114.0618671 51.0659408, -114.0618674 51.0658724, -114.0623108 51.0658719, -114.062313 51.0653243, -114.0618694 51.0653247, -114.0618699 51.0652768, -114.0613719 51.0652774)))"
306 1507 CENTRE A ST NE,Residential,CRESCENT HEIGHTS,"C-COR1,DC","MULTIPOLYGON (((-114.0613719 51.0652774, -114.0613695 51.0659414, -114.0618671 51.0659408, -114.0618674 51.0658724, -114.0623108 51.0658719, -114.062313 51.0653243, -114.0618694 51.0653247, -114.0618699 51.0652768, -114.0613719 51.0652774)))"
308 1507 CENTRE A ST NE,Residential,CRESCENT HEIGHTS,"C-COR1,DC","MULTIPOLYGON (((-114.0613719 51.0652774, -114.0613695 51.0659414, -114.0618671 51.0659408, -114.0618674 51.0658724, -114.0623108 51.0658719, -114.062313 51.0653243, -114.0618694 51.0653247, -114.0618699 51.0652768, -114.0613719 51.0652774)))"
310 1507 CENTRE A ST NE,Residential,CRESCENT HEIGHTS,"C-COR1,DC","MULTIPOLYGON (((-114.0613719 51.0652774, -114.0613695 51.0659414, -114.0618671 51.0659408, -114.0618674 51.0658724, -114.0623108 51.0658719, -114.062313 51.0653243, -114.0618694 51.0653247, -114.0618699 51.0652768, -114.0613719 51.0652774)))"
312 1507 CENTRE A ST NE,Residential,CRESCENT HEIGHTS,"C-COR1,DC","MULTIPOLYGON (((-114.0613719 51.0652774, -114.0613695 51.0659414, -114.0618671 51.0659408, -114.0618674 51.0658724, -114.0623108 51.0658719, -114.062313 51.0653243, -114.0618694 51.0653247, -114.0618699 51.0652768, -114.0613719 51.0652774)))"
316 1507 CENTRE A ST NE,Residential,CRESCENT HEIGHTS,"C-COR1,DC","MULTIPOLYGON (((-114.0613719 51.0652774, -114.0613695 51.0659414, -114.0618671 51.0659408, -114.0618674 51.0658724, -114.0623108 51.0658719, -114.062313 51.0653243, -114.0618694 51.0653247, -114.0618699 51.0652768, -114.0613719 51.0652774)))"
417 1507 CENTRE A ST NE,Residential,CRESCENT HEIGHTS,"C-COR1,DC","MULTIPOLYGON (((-114.0613719 51.0652774, -114.0613695 51.0659414, -114.0618671 51.0659408, -114.0618674 51.0658724, -114.0623108 51.0658719, -114.062313 51.0653243, -114.0618694 51.0653247, -114.0618699 51.0652768, -114.0613719 51.0652774)))"
415 1507 CENTRE A ST NE,Residential,CRESCENT HEIGHTS,"C-COR1,DC","MULTIPOLYGON (((-114.0613719 51.0652774, -114.0613695 51.0659414, -114.0618671 51.0659408, -114.0618674 51.0658724, -114.0623108 51.0658719, -114.062313 51.0653243, -114.0618694 51.0653247, -114.0618699 51.0652768, -114.0613719 51.0652774)))"
413 1507 CENTRE A ST NE,Residential,CRESCENT HEIGHTS,"C-COR1,DC","MULTIPOLYGON (((-114.0613719 51.0652774, -114.0613695 51.0659414, -114.0618671 51.0659408, -114.0618674 51.0658724, -114.0623108 51.0658719, -114.062313 51.0653243, -114.0618694 51.0653247, -114.0618699 51.0652768, -114.0613719 51.0652774)))"
411 1507 CENTRE A ST NE,Residential,CRESCENT HEIGHTS,"C-COR1,DC","MULTIPOLYGON (((-114.0613719 51.0652774, -114.0613695 51.0659414, -114.0618671 51.0659408, -114.0618674 51.0658724, -114.0623108 51.0658719, -114.062313 51.0653243, -114.0618694 51.0653247, -114.0618699 51.0652768, -114.0613719 51.0652774)))"
409 1507 CENTRE A ST NE,Residential,CRESCENT HEIGHTS,"C-COR1,DC","MULTIPOLYGON (((-114.0613719 51.0652774, -114.0613695 51.0659414, -114.0618671 51.0659408, -114.0618674 51.0658724, -114.0623108 51.0658719, -114.062313 51.0653243, -114.0618694 51.0653247, -114.0618699 51.0652768, -114.0613719 51.0652774)))"
407 1507 CENTRE A ST NE,Residential,CRESCENT HEIGHTS,"C-COR1,DC","MULTIPOLYGON (((-114.0613719 51.0652774, -114.0613695 51.0659414, -114.0618671 51.0659408, -114.0618674 51.0658724, -114.0623108 51.0658719, -114.062313 51.0653243, -114.0618694 51.0653247, -114.0618699 51.0652768, -114.0613719 51.0652774)))"
405 1507 CENTRE A ST NE,Residential,CRESCENT HEIGHTS,"C-COR1,DC","MULTIPOLYGON (((-114.0613719 51.0652774, -114.0613695 51.0659414, -114.0618671 51.0659408, -114.0618674 51.0658724, -114.0623108 51.0658719, -114.062313 51.0653243, -114.0618694 51.0653247, -114.0618699 51.0652768, -114.0613719 51.0652774)))"
401 1507 CENTRE A ST NE,Residential,CRESCENT HEIGHTS,"C-COR1,DC","MULTIPOLYGON (((-114.0613719 51.0652774, -114.0613695 51.0659414, -114.0618671 51.0659408, -114.0618674 51.0658724, -114.0623108 51.0658719, -114.062313 51.0653243, -114.0618694 51.0653247, -114.0618699 51.0652768, -114.0613719 51.0652774)))"
402 1507 CENTRE A ST NE,Residential,CRESCENT HEIGHTS,"C-COR1,DC","MULTIPOLYGON (((-114.0613719 51.0652774, -114.0613695 51.0659414, -114.0618671 51.0659408, -114.0618674 51.0658724, -114.0623108 51.0658719, -114.062313 51.0653243, -114.0618694 51.0653247, -114.0618699 51.0652768, -114.0613719 51.0652774)))"
199 1518 CENTRE ST NE,Non-Residential,CRESCENT HEIGHTS,"C-COR1,DC","MULTIPOLYGON (((-114.0613719 51.0652774, -114.0613695 51.0659414, -114.0618671 51.0659408, -114.0618674 51.0658724, -114.0623108 51.0658719, -114.062313 51.0653243, -114.0618694 51.0653247, -114.0618699 51.0652768, -114.0613719 51.0652774)))"
123 1518 CENTRE ST NE,Non-Residential,CRESCENT HEIGHTS,"C-COR1,DC","MULTIPOLYGON (((-114.0613719 51.0652774, -114.0613695 51.0659414, -114.0618671 51.0659408, -114.0618674 51.0658724, -114.0623108 51.0658719, -114.062313 51.0653243, -114.0618694 51.0653247, -114.0618699 51.0652768, -114.0613719 51.0652774)))"
127 1518 CENTRE ST NE,Non-Residential,CRESCENT HEIGHTS,"C-COR1,DC","MULTIPOLYGON (((-114.0613719 51.0652774, -114.0613695 51.0659414, -114.0618671 51.0659408, -114.0618674 51.0658724, -114.0623108 51.0658719, -114.062313 51.0653243, -114.0618694 51.0653247, -114.0618699 51.0652768, -114.0613719 51.0652774)))"
103 1518 CENTRE ST NE,Non-Residential,CRESCENT HEIGHTS,"C-COR1,DC","MULTIPOLYGON (((-114.0613719 51.0652774, -114.0613695 51.0659414, -114.0618671 51.0659408, -114.0618674 51.0658724, -114.0623108 51.0658719, -114.062313 51.0653243, -114.0618694 51.0653247, -114.0618699 51.0652768, -114.0613719 51.0652774)))"
107 1518 CENTRE ST NE,Non-Residential,CRESCENT HEIGHTS,"C-COR1,DC","MULTIPOLYGON (((-114.0613719 51.0652774, -114.0613695 51.0659414, -114.0618671 51.0659408, -114.0618674 51.0658724, -114.0623108 51.0658719, -114.062313 51.0653243, -114.0618694 51.0653247, -114.0618699 51.0652768, -114.0613719 51.0652774)))"
111 1518 CENTRE ST NE,Non-Residential,CRESCENT HEIGHTS,"C-COR1,DC","MULTIPOLYGON (((-114.0613719 51.0652774, -114.0613695 51.0659414, -114.0618671 51.0659408, -114.0618674 51.0658724, -114.0623108 51.0658719, -114.062313 51.0653243, -114.0618694 51.0653247, -114.0618699 51.0652768, -114.0613719 51.0652774)))"
115 1518 CENTRE ST NE,Non-Residential,CRESCENT HEIGHTS,"C-COR1,DC","MULTIPOLYGON (((-114.0613719 51.0652774, -114.0613695 51.0659414, -114.0618671 51.0659408, -114.0618674 51.0658724, -114.0623108 51.0658719, -114.062313 51.0653243, -114.0618694 51.0653247, -114.0618699 51.0652768, -114.0613719 51.0652774)))"
1501 CENTRE A ST NE,Residential,CRESCENT HEIGHTS,"C-COR1,DC","MULTIPOLYGON (((-114.0613719 51.0652774, -114.0613695 51.0659414, -114.0618671 51.0659408, -114.0618674 51.0658724, -114.0623108 51.0658719, -114.062313 51.0653243, -114.0618694 51.0653247, -114.0618699 51.0652768, -114.0613719 51.0652774)))"
1515 CENTRE A ST NE,Residential,CRESCENT HEIGHTS,"C-COR1,DC","MULTIPOLYGON (((-114.0613719 51.0652774, -114.0613695 51.0659414, -114.0618671 51.0659408, -114.0618674 51.0658724, -114.0623108 51.0658719, -114.062313 51.0653243, -114.0618694 51.0653247, -114.0618699 51.0652768, -114.0613719 51.0652774)))"
200 1507 CENTRE A ST NE,Residential,CRESCENT HEIGHTS,"C-COR1,DC","MULTIPOLYGON (((-114.0613719 51.0652774, -114.0613695 51.0659414, -114.0618671 51.0659408, -114.0618674 51.0658724, -114.0623108 51.0658719, -114.062313 51.0653243, -114.0618694 51.0653247, -114.0618699 51.0652768, -114.0613719 51.0652774)))"
207 1507 CENTRE A ST NE,Residential,CRESCENT HEIGHTS,"C-COR1,DC","MULTIPOLYGON (((-114.0613719 51.0652774, -114.0613695 51.0659414, -114.0618671 51.0659408, -114.0618674 51.0658724, -114.0623108 51.0658719, -114.062313 51.0653243, -114.0618694 51.0653247, -114.0618699 51.0652768, -114.0613719 51.0652774)))"
205 1507 CENTRE A ST NE,Residential,CRESCENT HEIGHTS,"C-COR1,DC","MULTIPOLYGON (((-114.0613719 51.0652774, -114.0613695 51.0659414, -114.0618671 51.0659408, -114.0618674 51.0658724, -114.0623108 51.0658719, -114.062313 51.0653243, -114.0618694 51.0653247, -114.0618699 51.0652768, -114.0613719 51.0652774)))"
203 1507 CENTRE A ST NE,Residential,CRESCENT HEIGHTS,"C-COR1,DC","MULTIPOLYGON (((-114.0613719 51.0652774, -114.0613695 51.0659414, -114.0618671 51.0659408, -114.0618674 51.0658724, -114.0623108 51.0658719, -114.062313 51.0653243, -114.0618694 51.0653247, -114.0618699 51.0652768, -114.0613719 51.0652774)))"
143 1518 CENTRE ST NE,Non-Residential,CRESCENT HEIGHTS,"C-COR1,DC","MULTIPOLYGON (((-114.0613719 51.0652774, -114.0613695 51.0659414, -114.0618671 51.0659408, -114.0618674 51.0658724, -114.0623108 51.0658719, -114.062313 51.0653243, -114.0618694 51.0653247, -114.0618699 51.0652768, -114.0613719 51.0652774)))"
147 1518 CENTRE ST NE,Non-Residential,CRESCENT HEIGHTS,"C-COR1,DC","MULTIPOLYGON (((-114.0613719 51.0652774, -114.0613695 51.0659414, -114.0618671 51.0659408, -114.0618674 51.0658724, -114.0623108 51.0658719, -114.062313 51.0653243, -114.0618694 51.0653247, -114.0618699 51.0652768, -114.0613719 51.0652774)))"
151 1518 CENTRE ST NE,Non-Residential,CRESCENT HEIGHTS,"C-COR1,DC","MULTIPOLYGON (((-114.0613719 51.0652774, -114.0613695 51.0659414, -114.0618671 51.0659408, -114.0618674 51.0658724, -114.0623108 51.0658719, -114.062313 51.0653243, -114.0618694 51.0653247, -114.0618699 51.0652768, -114.0613719 51.0652774)))"
167 1518 CENTRE ST NE,Non-Residential,CRESCENT HEIGHTS,"C-COR1,DC","MULTIPOLYGON (((-114.0613719 51.0652774, -114.0613695 51.0659414, -114.0618671 51.0659408, -114.0618674 51.0658724, -114.0623108 51.0658719, -114.062313 51.0653243, -114.0618694 51.0653247, -114.0618699 51.0652768, -114.0613719 51.0652774)))"
183 1518 CENTRE ST NE,Non-Residential,CRESCENT HEIGHTS,"C-COR1,DC","MULTIPOLYGON (((-114.0613719 51.0652774, -114.0613695 51.0659414, -114.0618671 51.0659408, -114.0618674 51.0658724, -114.0623108 51.0658719, -114.062313 51.0653243, -114.0618694 51.0653247, -114.0618699 51.0652768, -114.0613719 51.0652774)))"
179 1518 CENTRE ST NE,Non-Residential,CRESCENT HEIGHTS,"C-COR1,DC","MULTIPOLYGON (((-114.0613719 51.0652774, -114.0613695 51.0659414, -114.0618671 51.0659408, -114.0618674 51.0658724, -114.0623108 51.0658719, -114.062313 51.0653243, -114.0618694 51.0653247, -114.0618699 51.0652768, -114.0613719 51.0652774)))"
171 1518 CENTRE ST NE,Non-Residential,CRESCENT HEIGHTS,"C-COR1,DC","MULTIPOLYGON (((-114.0613719 51.0652774, -114.0613695 51.0659414, -114.0618671 51.0659408, -114.0618674 51.0658724, -114.0623108 51.0658719, -114.062313 51.0653243, -114.0618694 51.0653247, -114.0618699 51.0652768, -114.0613719 51.0652774)))"
159 1518 CENTRE ST NE,Non-Residential,CRESCENT HEIGHTS,"C-COR1,DC","MULTIPOLYGON (((-114.0613719 51.0652774, -114.0613695 51.0659414, -114.0618671 51.0659408, -114.0618674 51.0658724, -114.0623108 51.0658719, -114.062313 51.0653243, -114.0618694 51.0653247, -114.0618699 51.0652768, -114.0613719 51.0652774)))"
155 1518 CENTRE ST NE,Non-Residential,CRESCENT HEIGHTS,"C-COR1,DC","MULTIPOLYGON (((-114.0613719 51.0652774, -114.0613695 51.0659414, -114.0618671 51.0659408, -114.0618674 51.0658724, -114.0623108 51.0658719, -114.062313 51.0653243, -114.0618694 51.0653247, -114.0618699 51.0652768, -114.0613719 51.0652774)))"
122 1518 CENTRE ST NE,Non-Residential,CRESCENT HEIGHTS,"C-COR1,DC","MULTIPOLYGON (((-114.0613719 51.0652774, -114.0613695 51.0659414, -114.0618671 51.0659408, -114.0618674 51.0658724, -114.0623108 51.0658719, -114.062313 51.0653243, -114.0618694 51.0653247, -114.0618699 51.0652768, -114.0613719 51.0652774)))"
142 1518 CENTRE ST NE,Non-Residential,CRESCENT HEIGHTS,"C-COR1,DC","MULTIPOLYGON (((-114.0613719 51.0652774, -114.0613695 51.0659414, -114.0618671 51.0659408, -114.0618674 51.0658724, -114.0623108 51.0658719, -114.062313 51.0653243, -114.0618694 51.0653247, -114.0618699 51.0652768, -114.0613719 51.0652774)))"
138 1518 CENTRE ST NE,Non-Residential,CRESCENT HEIGHTS,"C-COR1,DC","MULTIPOLYGON (((-114.0613719 51.0652774, -114.0613695 51.0659414, -114.0618671 51.0659408, -114.0618674 51.0658724, -114.0623108 51.0658719, -114.062313 51.0653243, -114.0618694 51.0653247, -114.0618699 51.0652768, -114.0613719 51.0652774)))"
131 1518 CENTRE ST NE,Non-Residential,CRESCENT HEIGHTS,"C-COR1,DC","MULTIPOLYGON (((-114.0613719 51.0652774, -114.0613695 51.0659414, -114.0618671 51.0659408, -114.0618674 51.0658724, -114.0623108 51.0658719, -114.062313 51.0653243, -114.0618694 51.0653247, -114.0618699 51.0652768, -114.0613719 51.0652774)))"
135 1518 CENTRE ST NE,Non-Residential,CRESCENT HEIGHTS,"C-COR1,DC","MULTIPOLYGON (((-114.0613719 51.0652774, -114.0613695 51.0659414, -114.0618671 51.0659408, -114.0618674 51.0658724, -114.0623108 51.0658719, -114.062313 51.0653243, -114.0618694 51.0653247, -114.0618699 51.0652768, -114.0613719 51.0652774)))"
163 1518 CENTRE ST NE,Non-Residential,CRESCENT HEIGHTS,"C-COR1,DC","MULTIPOLYGON (((-114.0613719 51.0652774, -114.0613695 51.0659414, -114.0618671 51.0659408, -114.0618674 51.0658724, -114.0623108 51.0658719, -114.062313 51.0653243, -114.0618694 51.0653247, -114.0618699 51.0652768, -114.0613719 51.0652774)))"
185 1518 CENTRE ST NE,Non-Residential,CRESCENT HEIGHTS,"C-COR1,DC","MULTIPOLYGON (((-114.0613719 51.0652774, -114.0613695 51.0659414, -114.0618671 51.0659408, -114.0618674 51.0658724, -114.0623108 51.0658719, -114.062313 51.0653243, -114.0618694 51.0653247, -114.0618699 51.0652768, -114.0613719 51.0652774)))"
187 1518 CENTRE ST NE,Non-Residential,CRESCENT HEIGHTS,"C-COR1,DC","MULTIPOLYGON (((-114.0613719 51.0652774, -114.0613695 51.0659414, -114.0618671 51.0659408, -114.0618674 51.0658724, -114.0623108 51.0658719, -114.062313 51.0653243, -114.0618694 51.0653247, -114.0618699 51.0652768, -114.0613719 51.0652774)))"
189 1518 CENTRE ST NE,Non-Residential,CRESCENT HEIGHTS,"C-COR1,DC","MULTIPOLYGON (((-114.0613719 51.0652774, -114.0613695 51.0659414, -114.0618671 51.0659408, -114.0618674 51.0658724, -114.0623108 51.0658719, -114.062313 51.0653243, -114.0618694 51.0653247, -114.0618699 51.0652768, -114.0613719 51.0652774)))"
191 1518 CENTRE ST NE,Non-Residential,CRESCENT HEIGHTS,"C-COR1,DC","MULTIPOLYGON (((-114.0613719 51.0652774, -114.0613695 51.0659414, -114.0618671 51.0659408, -114.0618674 51.0658724, -114.0623108 51.0658719, -114.062313 51.0653243, -114.0618694 51.0653247, -114.0618699 51.0652768, -114.0613719 51.0652774)))"
195 1518 CENTRE ST NE,Non-Residential,CRESCENT HEIGHTS,"C-COR1,DC","MULTIPOLYGON (((-114.0613719 51.0652774, -114.0613695 51.0659414, -114.0618671 51.0659408, -114.0618674 51.0658724, -114.0623108 51.0658719, -114.062313 51.0653243, -114.0618694 51.0653247, -114.0618699 51.0652768, -114.0613719 51.0652774)))"
196 1518 CENTRE ST NE,Non-Residential,CRESCENT HEIGHTS,"C-COR1,DC","MULTIPOLYGON (((-114.0613719 51.0652774, -114.0613695 51.0659414, -114.0618671 51.0659408, -114.0618674 51.0658724, -114.0623108 51.0658719, -114.062313 51.0653243, -114.0618694 51.0653247, -114.0618699 51.0652768, -114.0613719 51.0652774)))"
197 1518 CENTRE ST NE,Non-Residential,CRESCENT HEIGHTS,"C-COR1,DC","MULTIPOLYGON (((-114.0613719 51.0652774, -114.0613695 51.0659414, -114.0618671 51.0659408, -114.0618674 51.0658724, -114.0623108 51.0658719, -114.062313 51.0653243, -114.0618694 51.0653247, -114.0618699 51.0652768, -114.0613719 51.0652774)))"
1503 CENTRE A ST NE,Residential,CRESCENT HEIGHTS,"C-COR1,DC","MULTIPOLYGON (((-114.0613719 51.0652774, -114.0613695 51.0659414, -114.0618671 51.0659408, -114.0618674 51.0658724, -114.0623108 51.0658719, -114.062313 51.0653243, -114.0618694 51.0653247, -114.0618699 51.0652768, -114.0613719 51.0652774)))"
1511 CENTRE A ST NE,Residential,CRESCENT HEIGHTS,"C-COR1,DC","MULTIPOLYGON (((-114.0613719 51.0652774, -114.0613695 51.0659414, -114.0618671 51.0659408, -114.0618674 51.0658724, -114.0623108 51.0658719, -114.062313 51.0653243, -114.0618694 51.0653247, -114.0618699 51.0652768, -114.0613719 51.0652774)))"
197V 1507 CENTRE A ST NE,Residential,CRESCENT HEIGHTS,"C-COR1,DC","MULTIPOLYGON (((-114.0613719 51.0652774, -114.0613695 51.0659414, -114.0618671 51.0659408, -114.0618674 51.0658724, -114.0623108 51.0658719, -114.062313 51.0653243, -114.0618694 51.0653247, -114.0618699 51.0652768, -114.0613719 51.0652774)))"
193S 1507 CENTRE A ST NE,Residential,CRESCENT HEIGHTS,"C-COR1,DC","MULTIPOLYGON (((-114.0613719 51.0652774, -114.0613695 51.0659414, -114.0618671 51.0659408, -114.0618674 51.0658724, -114.0623108 51.0658719, -114.062313 51.0653243, -114.0618694 51.0653247, -114.0618699 51.0652768, -114.0613719 51.0652774)))"
207S 1507 CENTRE A ST NE,Residential,CRESCENT HEIGHTS,"C-COR1,DC","MULTIPOLYGON (((-114.0613719 51.0652774, -114.0613695 51.0659414, -114.0618671 51.0659408, -114.0618674 51.0658724, -114.0623108 51.0658719, -114.062313 51.0653243, -114.0618694 51.0653247, -114.0618699 51.0652768, -114.0613719 51.0652774)))"
232V 1507 CENTRE A ST NE,Residential,CRESCENT HEIGHTS,"C-COR1,DC","MULTIPOLYGON (((-114.0613719 51.0652774, -114.0613695 51.0659414, -114.0618671 51.0659408, -114.0618674 51.0658724, -114.0623108 51.0658719, -114.062313 51.0653243, -114.0618694 51.0653247, -114.0618699 51.0652768, -114.0613719 51.0652774)))"
119 1518 CENTRE ST NE,Non-Residential,CRESCENT HEIGHTS,"C-COR1,DC","MULTIPOLYGON (((-114.0613719 51.0652774, -114.0613695 51.0659414, -114.0618671 51.0659408, -114.0618674 51.0658724, -114.0623108 51.0658719, -114.062313 51.0653243, -114.0618694 51.0653247, -114.0618699 51.0652768, -114.0613719 51.0652774)))"
257V 1507 CENTRE A ST NE,Residential,CRESCENT HEIGHTS,"C-COR1,DC","MULTIPOLYGON (((-114.0613719 51.0652774, -114.0613695 51.0659414, -114.0618671 51.0659408, -114.0618674 51.0658724, -114.0623108 51.0658719, -114.062313 51.0653243, -114.0618694 51.0653247, -114.0618699 51.0652768, -114.0613719 51.0652774)))"
258V 1507 CENTRE A ST NE,Residential,CRESCENT HEIGHTS,"C-COR1,DC","MULTIPOLYGON (((-114.0613719 51.0652774, -114.0613695 51.0659414, -114.0618671 51.0659408, -114.0618674 51.0658724, -114.0623108 51.0658719, -114.062313 51.0653243, -114.0618694 51.0653247, -114.0618699 51.0652768, -114.0613719 51.0652774)))"
139 1518 CENTRE ST NE,Non-Residential,CRESCENT HEIGHTS,"C-COR1,DC","MULTIPOLYGON (((-114.0613719 51.0652774, -114.0613695 51.0659414, -114.0618671 51.0659408, -114.0618674 51.0658724, -114.0623108 51.0658719, -114.062313 51.0653243, -114.0618694 51.0653247, -114.0618699 51.0652768, -114.0613719 51.0652774)))"
7012 OGDEN RD SE,Residential,OGDEN,"C-COR1,DC","MULTIPOLYGON (((-114.0007522 50.9903824, -114.0007803 50.9904117, -114.0008365 50.9904701, -114.0008928 50.9905285, -114.000949 50.990587, -114.0010053 50.9906454, -114.0010615 50.9907039, -114.0011178 50.9907623, -114.001174 50.9908207, -114.0012303 50.9908792, -114.0012866 50.9909376, -114.0015578 50.9908337, -114.0015579 50.9907536, -114.0015579 50.9906735, -114.0015579 50.9905933, -114.001558 50.9905811, -114.0015102 50.9905315, -114.0014539 50.9904729, -114.0013975 50.9904143, -114.0013411 50.9903557, -114.0012847 50.9902971, -114.0012284 50.9902385, -114.0012002 50.9902092, -114.001163 50.9902234, -114.0007522 50.9903824)))"
